/*M!999999\- enable the sandbox mode */ 
-- MariaDB dump 10.19  Distrib 10.11.11-MariaDB, for debian-linux-gnu (x86_64)
--
-- Host: winhost    Database: CIS440CarRentalProject
-- ------------------------------------------------------
-- Server version	8.0.36

/*!40101 SET @OLD_CHARACTER_SET_CLIENT=@@CHARACTER_SET_CLIENT */;
/*!40101 SET @OLD_CHARACTER_SET_RESULTS=@@CHARACTER_SET_RESULTS */;
/*!40101 SET @OLD_COLLATION_CONNECTION=@@COLLATION_CONNECTION */;
/*!40101 SET NAMES utf8mb4 */;
/*!40103 SET @OLD_TIME_ZONE=@@TIME_ZONE */;
/*!40103 SET TIME_ZONE='+00:00' */;
/*!40014 SET @OLD_UNIQUE_CHECKS=@@UNIQUE_CHECKS, UNIQUE_CHECKS=0 */;
/*!40014 SET @OLD_FOREIGN_KEY_CHECKS=@@FOREIGN_KEY_CHECKS, FOREIGN_KEY_CHECKS=0 */;
/*!40101 SET @OLD_SQL_MODE=@@SQL_MODE, SQL_MODE='NO_AUTO_VALUE_ON_ZERO' */;
/*!40111 SET @OLD_SQL_NOTES=@@SQL_NOTES, SQL_NOTES=0 */;

--
-- Table structure for table `achtransfers`
--

DROP TABLE IF EXISTS `achtransfers`;
/*!40101 SET @saved_cs_client     = @@character_set_client */;
/*!40101 SET character_set_client = utf8mb4 */;
CREATE TABLE `achtransfers` (
  `transferid` int NOT NULL,
  PRIMARY KEY (`transferid`),
  CONSTRAINT `achtransfers_transferid_banks_bankid` FOREIGN KEY (`transferid`) REFERENCES `banks` (`bankid`)
) ENGINE=InnoDB DEFAULT CHARSET=utf8mb4 COLLATE=utf8mb4_0900_ai_ci;
/*!40101 SET character_set_client = @saved_cs_client */;

--
-- Dumping data for table `achtransfers`
--

LOCK TABLES `achtransfers` WRITE;
/*!40000 ALTER TABLE `achtransfers` DISABLE KEYS */;
INSERT INTO `achtransfers` VALUES
(21),
(22),
(23),
(24),
(25),
(26),
(27),
(28),
(29),
(30),
(31),
(32),
(33),
(34),
(35),
(36),
(37),
(38),
(39),
(40);
/*!40000 ALTER TABLE `achtransfers` ENABLE KEYS */;
UNLOCK TABLES;

--
-- Table structure for table `addresses`
--

DROP TABLE IF EXISTS `addresses`;
/*!40101 SET @saved_cs_client     = @@character_set_client */;
/*!40101 SET character_set_client = utf8mb4 */;
CREATE TABLE `addresses` (
  `AddressID` int NOT NULL,
  `PartyID` int NOT NULL,
  `AddressType` char(1) NOT NULL,
  `StreetAddress` varchar(100) NOT NULL,
  `City` varchar(50) NOT NULL,
  `StateOrProvince` varchar(50) NOT NULL,
  `ZipCode` char(5) DEFAULT NULL,
  `Country` varchar(50) NOT NULL,
  PRIMARY KEY (`AddressID`),
  KEY `Addresses_PartyID_Parties_PartyID` (`PartyID`),
  CONSTRAINT `Addresses_PartyID_Parties_PartyID` FOREIGN KEY (`PartyID`) REFERENCES `parties` (`PartyID`)
) ENGINE=InnoDB DEFAULT CHARSET=utf8mb4 COLLATE=utf8mb4_0900_ai_ci;
/*!40101 SET character_set_client = @saved_cs_client */;

--
-- Dumping data for table `addresses`
--

LOCK TABLES `addresses` WRITE;
/*!40000 ALTER TABLE `addresses` DISABLE KEYS */;
INSERT INTO `addresses` VALUES
(1,78,'O','7513 Oak Ave','Fairview','CA','17495','USA'),
(2,134,'O','4480 Sunset Blvd','Greenville','NC','45418','USA'),
(3,185,'B','4810 Maple Dr','Centerville','TX','19108','USA'),
(4,178,'B','6216 Sunset Blvd','Centerville','NC','66903','USA'),
(5,111,'O','2291 Maple Dr','Greenville','MI','51041','USA'),
(6,126,'M','1515 Main St','Centerville','NY','68187','USA'),
(7,161,'O','2317 Main St','Centerville','OH','43472','USA'),
(8,110,'O','4786 Lakeview Rd','Clinton','PA',NULL,'CAN'),
(9,10,'O','3896 Oak Ave','Greenville','NC','54833','USA'),
(10,69,'O','6222 Sunset Blvd','Ashland','PA','21980','USA'),
(11,37,'B','365 Sunset Blvd','Kingston','IL','54243','USA'),
(12,54,'O','702 Washington Blvd','Centerville','OH',NULL,'USA'),
(13,104,'M','3334 Washington Blvd','Fairview','PA',NULL,'USA'),
(14,28,'O','4653 Sunset Blvd','Clinton','MI','77234','USA'),
(15,130,'S','9915 Sunset Blvd','Springfield','WA','52911','USA'),
(16,164,'B','7815 Sunset Blvd','Centerville','WA','29460','USA'),
(17,177,'O','6977 Sunset Blvd','Clinton','TX','29952','USA'),
(18,181,'O','6915 Sunset Blvd','Centerville','PA','73977','USA'),
(19,71,'O','9290 Lakeview Rd','Clinton','NC','42118','USA'),
(20,121,'O','9124 Sunset Blvd','Madison','NC','78864','USA'),
(21,165,'B','5918 Maple Dr','Ashland','NC','64925','USA'),
(22,152,'O','8378 Elm St','Greenville','NC','99772','USA'),
(23,11,'B','8001 Sunset Blvd','Greenville','PA','98954','USA'),
(24,75,'O','9418 Main St','Centerville','NC','89513','USA'),
(25,14,'O','2986 Sunset Blvd','Centerville','NY','96474','USA'),
(26,196,'M','8393 Oak Ave','Madison','NC','29759','USA'),
(27,151,'O','4142 Main St','Centerville','CA','40204','USA'),
(28,12,'S','8842 Oak Ave','Centerville','TX','38263','USA'),
(29,127,'O','8651 Lakeview Rd','Georgetown','NC',NULL,'CAN'),
(30,49,'S','3165 Pine Ln','Fairview','CA','99223','USA'),
(31,150,'O','6428 Pine Ln','Georgetown','NC','76906','USA'),
(32,103,'O','9297 Pine Ln','Centerville','NC','80111','USA'),
(33,182,'B','5845 Sunset Blvd','Centerville','NC','33936','USA'),
(34,94,'S','9068 Oak Ave','Centerville','IL','52129','USA'),
(35,63,'M','7288 Sunset Blvd','Fairview','NC','84638','USA'),
(36,74,'O','1546 Maple Dr','Burlington','OH','54549','USA'),
(37,81,'O','3670 Sunset Blvd','Franklin','MI','35081','USA'),
(38,34,'O','2954 Sunset Blvd','Centerville','WA','71954','USA'),
(39,16,'O','3343 Oak Ave','Centerville','TX',NULL,'USA'),
(40,119,'O','8986 Sunset Blvd','Franklin','IL','71204','USA'),
(41,30,'O','6728 Sunset Blvd','Riverton','NC',NULL,'USA'),
(42,86,'B','9508 Lakeview Rd','Springfield','TX','33726','CAN'),
(43,106,'B','3847 Sunset Blvd','Springfield','NY','71864','USA'),
(44,58,'B','6869 Pine Ln','Ashland','CA','10827','USA'),
(45,4,'O','6547 Oak Ave','Kingston','PA','42122','USA'),
(46,199,'B','907 Maple Dr','Riverton','NC','25952','USA'),
(47,186,'S','5408 Sunset Blvd','Centerville','WA','63798','USA'),
(48,144,'O','2879 Cedar Ct','Centerville','NC','51873','CAN'),
(49,97,'M','5808 Lakeview Rd','Centerville','NY','46374','USA'),
(50,109,'B','1753 Sunset Blvd','Greenville','NC','18002','USA'),
(51,3,'S','7315 Oak Ave','Fairview','CA',NULL,'USA'),
(52,165,'O','2936 Sunset Blvd','Franklin','CA',NULL,'USA'),
(53,140,'B','1817 Birch Way','Springfield','WA','76909','USA'),
(54,76,'S','587 Oak Ave','Burlington','NY','79806','USA'),
(55,136,'O','3092 Birch Way','Centerville','NC',NULL,'USA'),
(56,103,'O','9125 Maple Dr','Centerville','TX','50670','USA'),
(57,77,'O','3713 Sunset Blvd','Centerville','CA','99665','USA'),
(58,199,'S','4563 Main St','Centerville','NC','28263','USA'),
(59,68,'O','2128 Main St','Centerville','FL','93346','USA'),
(60,90,'S','7895 Elm St','Centerville','NC','55268','USA'),
(61,158,'O','7263 Main St','Centerville','NC','64485','USA'),
(62,167,'O','7776 Sunset Blvd','Centerville','FL','85392','USA'),
(63,32,'O','4728 Maple Dr','Centerville','WA','43318','USA'),
(64,194,'S','1715 Sunset Blvd','Riverton','MI',NULL,'USA'),
(65,122,'O','5839 Birch Way','Kingston','MI',NULL,'USA'),
(66,53,'O','4289 Sunset Blvd','Franklin','IL','70141','USA'),
(67,55,'O','2674 Sunset Blvd','Centerville','WA','14499','USA'),
(68,113,'O','7755 Sunset Blvd','Riverton','IL','70292','USA'),
(69,80,'S','8575 Maple Dr','Riverton','OH',NULL,'USA'),
(70,26,'B','731 Sunset Blvd','Riverton','NC','77553','USA'),
(71,106,'O','3816 Sunset Blvd','Madison','FL','64756','USA'),
(72,183,'O','4248 Sunset Blvd','Centerville','NC','16845','USA'),
(73,142,'M','9377 Sunset Blvd','Springfield','NC',NULL,'USA'),
(74,27,'O','6942 Washington Blvd','Centerville','NC',NULL,'USA'),
(75,118,'O','8361 Cedar Ct','Riverton','NC','42935','USA'),
(76,25,'O','8518 Elm St','Ashland','PA',NULL,'USA'),
(77,40,'M','1542 Oak Ave','Georgetown','CA','46578','USA'),
(78,141,'M','1628 Main St','Centerville','FL','64507','CAN'),
(79,89,'O','385 Sunset Blvd','Greenville','TX','62507','USA'),
(80,193,'O','1368 Pine Ln','Franklin','NC','53411','USA'),
(81,195,'O','9317 Main St','Springfield','CA','43937','USA'),
(82,108,'O','2729 Elm St','Springfield','NC','69576','USA'),
(83,197,'O','7574 Main St','Centerville','IL','76249','USA'),
(84,66,'M','6329 Maple Dr','Burlington','CA',NULL,'USA'),
(85,185,'O','1004 Oak Ave','Clinton','IL','71215','USA'),
(86,21,'O','1898 Sunset Blvd','Centerville','NC','70559','CAN'),
(87,101,'O','4788 Elm St','Franklin','PA','77988','USA'),
(88,144,'B','489 Sunset Blvd','Centerville','IL','18821','USA'),
(89,107,'S','4530 Washington Blvd','Centerville','WA','87256','USA'),
(90,65,'B','9937 Sunset Blvd','Burlington','NC','68158','USA'),
(91,48,'B','8652 Sunset Blvd','Riverton','CA','85894','USA'),
(92,154,'S','5517 Maple Dr','Kingston','NC','63232','USA'),
(93,98,'O','5127 Birch Way','Centerville','WA',NULL,'USA'),
(94,51,'M','4764 Main St','Centerville','IL','94184','USA'),
(95,72,'O','4296 Sunset Blvd','Franklin','NC','48155','USA'),
(96,166,'S','2098 Main St','Kingston','PA','22649','USA'),
(97,151,'O','8537 Main St','Centerville','NC','93104','USA'),
(98,111,'B','5851 Elm St','Clinton','WA','14596','USA'),
(99,20,'S','9688 Pine Ln','Georgetown','NC','25640','USA'),
(100,115,'B','6216 Main St','Centerville','NC','32211','USA'),
(102,1,'L','123 Main St','Springfield','IL','62701','USA'),
(103,2,'L','456 oak st','San Fransico','CA','94102','USA'),
(104,5,'L','789 Pine St','Seattle','WA','98101','USA');
/*!40000 ALTER TABLE `addresses` ENABLE KEYS */;
UNLOCK TABLES;

--
-- Table structure for table `agreements`
--

DROP TABLE IF EXISTS `agreements`;
/*!40101 SET @saved_cs_client     = @@character_set_client */;
/*!40101 SET character_set_client = utf8mb4 */;
CREATE TABLE `agreements` (
  `agreementID` int NOT NULL,
  `CustomerID` int DEFAULT NULL,
  `AgreementDate` date DEFAULT NULL,
  `ExpirationDate` date DEFAULT NULL,
  `employeeid` int DEFAULT NULL,
  PRIMARY KEY (`agreementID`),
  KEY `FK__agreement__Custo__7D439ABD` (`CustomerID`),
  KEY `FK__agreement__emplo__7E37BEF6` (`employeeid`),
  CONSTRAINT `FK__agreement__Custo__7D439ABD` FOREIGN KEY (`CustomerID`) REFERENCES `customers` (`CustomerID`),
  CONSTRAINT `FK__agreement__emplo__7E37BEF6` FOREIGN KEY (`employeeid`) REFERENCES `employees` (`EmployeeID`)
) ENGINE=InnoDB DEFAULT CHARSET=utf8mb4 COLLATE=utf8mb4_0900_ai_ci;
/*!40101 SET character_set_client = @saved_cs_client */;

--
-- Dumping data for table `agreements`
--

LOCK TABLES `agreements` WRITE;
/*!40000 ALTER TABLE `agreements` DISABLE KEYS */;
INSERT INTO `agreements` VALUES
(1,89,'2025-03-16','2027-12-30',33),
(2,60,'2025-07-21','2026-01-30',47),
(3,97,'2025-07-06','2028-07-10',NULL),
(4,74,'2023-11-27','2027-06-05',20),
(5,72,'2024-03-31','2025-04-23',50),
(6,77,'2025-07-11','2027-03-30',44),
(7,79,'2025-02-07','2027-11-05',18),
(8,83,'2024-03-28','2027-07-15',12),
(9,78,'2024-10-11','2026-09-03',NULL),
(10,85,'2024-01-09','2025-10-12',52),
(11,65,'2024-01-19','2027-11-25',45),
(12,86,'2025-02-18','2026-12-18',28),
(13,99,'2025-04-04','2027-02-05',21),
(14,101,'2024-07-02','2028-12-21',8),
(15,96,'2023-12-29','2025-12-02',48),
(16,104,'2025-08-22','2026-04-28',14),
(17,64,'2025-06-23','2029-08-28',41),
(18,71,'2025-02-10','2025-03-07',51),
(19,67,'2024-05-25','2029-02-05',NULL),
(20,94,'2025-06-21','2029-03-04',13),
(21,84,'2025-02-09','2029-05-02',26),
(22,102,'2025-03-06','2026-03-04',NULL),
(23,100,'2025-04-05','2028-04-03',6),
(24,61,'2024-10-07','2025-04-22',54),
(25,68,'2024-08-08','2027-08-28',NULL),
(26,95,'2023-12-25','2025-12-04',40),
(27,80,'2024-06-26','2028-11-24',NULL),
(28,91,'2025-09-09','2027-03-30',10),
(29,66,'2025-09-07','2025-07-31',17),
(30,81,'2024-12-09','2030-05-07',39),
(31,87,'2024-09-01','2026-01-03',NULL),
(32,105,'2024-03-10','2029-05-15',24),
(33,103,'2024-07-31','2026-09-03',31),
(34,62,'2025-05-17','2030-08-13',NULL),
(35,76,'2024-10-16','2027-09-28',46),
(36,93,'2023-12-02','2026-09-17',NULL),
(37,73,'2024-12-08','2030-01-30',49),
(38,82,'2024-03-19','2029-07-08',7),
(39,63,'2024-07-16','2028-10-23',30),
(40,59,'2025-07-12','2027-09-14',25),
(41,90,'2025-04-15','2028-05-12',55),
(42,58,'2025-08-24','2030-03-16',27),
(43,92,'2025-10-12','2028-08-01',16),
(44,70,'2024-06-26','2029-01-05',37),
(45,56,'2025-08-14','2029-11-29',NULL),
(46,75,'2025-03-01','2024-08-29',22),
(47,57,'2024-09-17','2026-09-26',35),
(48,69,'2025-03-23','2026-08-07',29),
(49,98,'2025-08-23','2027-11-26',9),
(50,88,'2024-12-30','2026-05-26',NULL),
(51,89,'2024-05-26','2025-11-13',33),
(52,60,'2024-03-11','2024-05-17',47),
(53,97,'2024-03-10','2026-10-06',NULL),
(54,74,'2024-08-06','2026-04-20',NULL),
(55,72,'2025-10-17','2028-07-02',NULL),
(56,77,'2024-02-07','2030-03-09',NULL),
(57,79,'2024-10-22','2029-12-28',18),
(58,83,'2024-10-08','2024-11-20',12),
(59,78,'2023-12-13','2025-11-24',38),
(60,85,'2023-11-22','2026-10-18',52);
/*!40000 ALTER TABLE `agreements` ENABLE KEYS */;
UNLOCK TABLES;

--
-- Table structure for table `banks`
--

DROP TABLE IF EXISTS `banks`;
/*!40101 SET @saved_cs_client     = @@character_set_client */;
/*!40101 SET character_set_client = utf8mb4 */;
CREATE TABLE `banks` (
  `bankid` int NOT NULL,
  `bankname` varchar(100) NOT NULL,
  `routingnumber` varchar(20) DEFAULT NULL,
  `accountnumber` varchar(20) DEFAULT NULL,
  PRIMARY KEY (`bankid`),
  CONSTRAINT `banks_bankid_payments_paymentid` FOREIGN KEY (`bankid`) REFERENCES `payments` (`PaymentID`)
) ENGINE=InnoDB DEFAULT CHARSET=utf8mb4 COLLATE=utf8mb4_0900_ai_ci;
/*!40101 SET character_set_client = @saved_cs_client */;

--
-- Dumping data for table `banks`
--

LOCK TABLES `banks` WRITE;
/*!40000 ALTER TABLE `banks` DISABLE KEYS */;
INSERT INTO `banks` VALUES
(1,'Citizens Bank','59561661','740971'),
(2,'United Bank','445673367','468003'),
(3,'Community Trust Bank','179526268','193531'),
(4,'Peoples Bank','170917278','986346'),
(5,'First National Bank','467451286','746118'),
(6,'Citizens Bank','9128969','327050'),
(7,'United Bank','780242110','679157'),
(8,'Community Trust Bank','716792362','804998'),
(9,'Peoples Bank','965164850','747115'),
(10,'First National Bank','285604348','639526'),
(11,'Citizens Bank','860058483','549699'),
(12,'United Bank','497367936','441079'),
(13,'Community Trust Bank','328067657','435534'),
(14,'Peoples Bank','239714457','251542'),
(15,'First National Bank','552372498','325524'),
(16,'Citizens Bank','231393938','323992'),
(17,'United Bank','527342932','867919'),
(18,'Community Trust Bank','37064243','555326'),
(19,'Peoples Bank','900474183','207619'),
(20,'First National Bank','316834525','480884'),
(21,'First National Bank','987654321','123456789'),
(22,'Citywide Credit Union','123456789','987654321'),
(23,'Global Trust Bank','321654987','456789123'),
(24,'Community Savings Bank','789123456','654321987'),
(25,'Metro Financial Institution','654987321','789123456'),
(26,'Regional Bank Corp','456123789','321654987'),
(27,'Universal Bank','963852741','147258369'),
(28,'Neighborhood Credit Union','741852963','369258147'),
(29,'Premier Banking Group','852963741','258147369'),
(30,'Capital City Bank','486357159','159753486'),
(31,'Statewide Savings','159486753','753159486'),
(32,'International Bank Ltd','963741852','852741963'),
(33,'Downtown Financial','258357951','951357258'),
(34,'Suburban Credit Bank','852159357','357159852'),
(35,'National Trust Bank','789456123','456123789'),
(36,'First Community Bank','321789654','654987321'),
(37,'Global Savings Institution','456123789','789321456'),
(38,'Citywide Bank Corp','654321987','123789456'),
(39,'Regional Credit Union','321987654','987654123'),
(40,'Universal Financial Services','963258147','147369258'),
(43,'First National Bank','987654321','1234567890'),
(44,'City Bank','876543219','2345678901'),
(45,'State Bank','765432198','3456789012'),
(46,'Community Bank','654321987','4567890123'),
(47,'Regional Bank','543219876','5678901234'),
(48,'Trust Bank','432198765','6789012345'),
(49,'Union Bank','321987654','7890123456'),
(50,'Capital Bank','219876543','8901234567'),
(51,'Heritage Bank','198765432','9012345678'),
(52,'Pioneer Bank','987654320','0123456789'),
(53,'Liberty Bank','876543210','1123456789'),
(54,'Summit Bank','765432109','2123456789'),
(55,'Evergreen Bank','654321098','3123456789'),
(56,'Sunrise Bank','543210987','4123456789'),
(57,'Horizon Bank','432109876','5123456789'),
(58,'Cedar Bank','321098765','6123456789'),
(59,'Maple Bank','210987654','7123456789'),
(60,'Oak Bank','109876543','8123456789'),
(61,'Pine Bank','098765432','9123456789'),
(62,'Willow Bank','987654321','1023456789');
/*!40000 ALTER TABLE `banks` ENABLE KEYS */;
UNLOCK TABLES;

--
-- Table structure for table `cards`
--

DROP TABLE IF EXISTS `cards`;
/*!40101 SET @saved_cs_client     = @@character_set_client */;
/*!40101 SET character_set_client = utf8mb4 */;
CREATE TABLE `cards` (
  `CardID` int NOT NULL,
  `CardType` varchar(50) NOT NULL,
  `CardToken` varchar(50) NOT NULL,
  `ExpirationYear` char(4) NOT NULL,
  `ExpirationMonth` char(2) NOT NULL,
  `ModifiedDate` datetime(6) NOT NULL,
  PRIMARY KEY (`CardID`),
  CONSTRAINT `Cards_CardID_Payments_PaymentID` FOREIGN KEY (`CardID`) REFERENCES `payments` (`PaymentID`)
) ENGINE=InnoDB DEFAULT CHARSET=utf8mb4 COLLATE=utf8mb4_0900_ai_ci;
/*!40101 SET character_set_client = @saved_cs_client */;

--
-- Dumping data for table `cards`
--

LOCK TABLES `cards` WRITE;
/*!40000 ALTER TABLE `cards` DISABLE KEYS */;
INSERT INTO `cards` VALUES
(61,'Visa','2A4A5C8419704E2F','2025','01','2025-10-07 23:10:19.217000'),
(62,'Mastercard','9CA22DFB1227445E','2028','03','2025-05-21 23:10:19.217000'),
(63,'Visa','6866C060E3004C79','2025','06','2025-03-19 23:10:19.217000'),
(64,'Discover','A5E592F3267B4549','2028','07','2024-11-19 23:10:19.217000'),
(65,'Visa','C4A2CEED16284D6A','2029','07','2025-10-09 23:10:19.217000'),
(66,'AmEx','42A9681C92F44CB8','2025','09','2025-01-12 23:10:19.217000'),
(67,'AmEx','245084952D7543C0','2027','06','2025-07-11 23:10:19.217000'),
(68,'Visa','E36C34B8511D488E','2026','07','2025-10-12 23:10:19.217000'),
(69,'Discover','303F78153ABA4D99','2030','10','2025-04-05 23:10:19.217000'),
(70,'AmEx','D078664710AA4351','2027','05','2025-09-21 23:10:19.217000'),
(71,'Discover','A31CB056CC7B42D8','2029','08','2025-05-27 23:10:19.217000'),
(72,'Discover','F558302EA6A44E9A','2027','03','2025-01-29 23:10:19.217000'),
(73,'Mastercard','1F0B7D11C5D04C7F','2026','12','2025-02-18 23:10:19.217000'),
(74,'Visa','8E62B768C6004127','2025','11','2025-02-18 23:10:19.217000'),
(75,'Discover','60DE0D6BD21D4500','2025','05','2025-02-20 23:10:19.217000'),
(76,'Visa','B6AAA067AA3146A1','2028','06','2025-01-18 23:10:19.217000'),
(77,'Visa','905A66F2B6BC4C72','2028','06','2024-12-03 23:10:19.217000'),
(78,'Discover','4E5F666BBB574EC9','2026','09','2024-12-20 23:10:19.217000'),
(79,'Mastercard','6EC40750AE654C7F','2025','08','2025-02-25 23:10:19.217000'),
(80,'Discover','9E4BB2636D814F3F','2029','10','2025-05-13 23:10:19.217000'),
(81,'Discover','4408D5C773BF4D41','2029','03','2025-06-27 23:10:19.217000'),
(82,'Discover','BDF5E906A4134005','2029','07','2025-05-22 23:10:19.217000'),
(83,'Discover','350B0BD143A54F35','2027','06','2024-11-23 23:10:19.217000'),
(84,'Visa','2523111111DC4F4B','2029','11','2025-03-04 23:10:19.217000'),
(85,'AmEx','C04A239BDAFD4262','2028','01','2024-11-14 23:10:19.217000'),
(86,'Visa','3BD8BD06ECD240A5','2027','12','2025-10-06 23:10:19.217000'),
(87,'AmEx','838B43ABB8FD46B5','2027','11','2025-05-20 23:10:19.217000'),
(88,'Visa','7B934FDA761B46E1','2030','08','2024-11-24 23:10:19.217000'),
(89,'Discover','A2FAE48226E54406','2025','04','2025-01-29 23:10:19.217000'),
(90,'Discover','18594E28CEF64381','2029','08','2025-03-03 23:10:19.217000'),
(91,'Mastercard','42A0D4C2E02249A3','2029','10','2025-07-13 23:10:19.217000'),
(92,'Discover','81DF267BA98442B0','2029','02','2025-03-09 23:10:19.217000'),
(93,'Visa','141B3F63D36B48CD','2028','08','2025-03-29 23:10:19.217000'),
(94,'Mastercard','C42028AF3D8144D8','2025','04','2025-03-17 23:10:19.217000'),
(95,'Mastercard','DF8DCF8C1BA54158','2026','03','2025-08-08 23:10:19.217000'),
(96,'Discover','0DE69117323D4A71','2027','05','2025-07-23 23:10:19.217000'),
(97,'AmEx','C4570D2323814226','2026','10','2025-02-03 23:10:19.217000'),
(98,'Visa','9F3FC40DA3474975','2025','12','2025-08-14 23:10:19.217000'),
(99,'Mastercard','8045C84849EB425D','2025','02','2025-04-10 23:10:19.217000'),
(100,'Discover','FE7255C31A3C46CD','2029','11','2025-02-09 23:10:19.217000'),
(101,'AmEx','CACA6D0EB0D74D00','2030','06','2025-04-03 23:10:19.217000'),
(102,'AmEx','E233143809144630','2029','06','2025-05-04 23:10:19.217000'),
(103,'AmEx','CFA059A10EF14A94','2028','11','2025-09-19 23:10:19.217000'),
(104,'Discover','E67B1519EF9248FA','2026','09','2025-07-17 23:10:19.217000'),
(105,'Discover','E119C7E3912E4DAD','2027','11','2025-03-04 23:10:19.217000'),
(106,'Mastercard','E5E03585DAE4401E','2025','11','2024-12-05 23:10:19.217000'),
(107,'Discover','EBB96F188E804815','2025','12','2025-08-15 23:10:19.217000'),
(108,'Discover','EE0A1EFC72644926','2025','01','2025-09-28 23:10:19.217000'),
(109,'Discover','0523C6104C4F4688','2029','02','2025-01-04 23:10:19.217000'),
(110,'Visa','76B2A680FC2A4C5E','2025','07','2025-01-03 23:10:19.217000'),
(111,'Discover','FE10FB2D19E44DD7','2027','09','2025-11-03 23:10:19.217000'),
(112,'AmEx','1047E9A742274CF7','2025','10','2025-03-08 23:10:19.217000'),
(113,'Discover','67BEEB7206FC4368','2030','02','2025-01-24 23:10:19.217000'),
(114,'AmEx','BBEE574304414F22','2025','03','2024-11-16 23:10:19.217000'),
(115,'Visa','607C81A7AAC54A19','2030','10','2025-07-20 23:10:19.217000'),
(116,'Visa','DFC32D9B89654B60','2030','05','2025-02-26 23:10:19.217000'),
(117,'Mastercard','6146392C706540BC','2030','09','2025-07-14 23:10:19.217000'),
(118,'AmEx','CF8F239B98C84777','2026','09','2025-10-27 23:10:19.217000'),
(119,'Mastercard','7EC123C7602D4BB9','2026','11','2025-07-23 23:10:19.217000'),
(120,'AmEx','0488F0AB06B14DCD','2025','12','2025-02-28 23:10:19.217000');
/*!40000 ALTER TABLE `cards` ENABLE KEYS */;
UNLOCK TABLES;

--
-- Table structure for table `checks`
--

DROP TABLE IF EXISTS `checks`;
/*!40101 SET @saved_cs_client     = @@character_set_client */;
/*!40101 SET character_set_client = utf8mb4 */;
CREATE TABLE `checks` (
  `CheckID` int NOT NULL,
  `CheckNumber` varchar(25) NOT NULL,
  PRIMARY KEY (`CheckID`),
  CONSTRAINT `checks_checkid_banks_bankid` FOREIGN KEY (`CheckID`) REFERENCES `banks` (`bankid`)
) ENGINE=InnoDB DEFAULT CHARSET=utf8mb4 COLLATE=utf8mb4_0900_ai_ci;
/*!40101 SET character_set_client = @saved_cs_client */;

--
-- Dumping data for table `checks`
--

LOCK TABLES `checks` WRITE;
/*!40000 ALTER TABLE `checks` DISABLE KEYS */;
INSERT INTO `checks` VALUES
(1,'CHK00001'),
(2,'CHK00002'),
(3,'CHK00003'),
(4,'CHK00004'),
(5,'CHK00005'),
(6,'CHK00006'),
(7,'CHK00007'),
(8,'CHK00008'),
(9,'CHK00009'),
(10,'CHK00010'),
(11,'CHK00011'),
(12,'CHK00012'),
(13,'CHK00013'),
(14,'CHK00014'),
(15,'CHK00015'),
(16,'CHK00016'),
(17,'CHK00017'),
(18,'CHK00018'),
(19,'CHK00019'),
(20,'CHK00020');
/*!40000 ALTER TABLE `checks` ENABLE KEYS */;
UNLOCK TABLES;

--
-- Table structure for table `customers`
--

DROP TABLE IF EXISTS `customers`;
/*!40101 SET @saved_cs_client     = @@character_set_client */;
/*!40101 SET character_set_client = utf8mb4 */;
CREATE TABLE `customers` (
  `CustomerID` int NOT NULL,
  PRIMARY KEY (`CustomerID`),
  CONSTRAINT `Customers_CustomerID_Persons_PersonID` FOREIGN KEY (`CustomerID`) REFERENCES `persons` (`PersonID`)
) ENGINE=InnoDB DEFAULT CHARSET=utf8mb4 COLLATE=utf8mb4_0900_ai_ci;
/*!40101 SET character_set_client = @saved_cs_client */;

--
-- Dumping data for table `customers`
--

LOCK TABLES `customers` WRITE;
/*!40000 ALTER TABLE `customers` DISABLE KEYS */;
INSERT INTO `customers` VALUES
(56),
(57),
(58),
(59),
(60),
(61),
(62),
(63),
(64),
(65),
(66),
(67),
(68),
(69),
(70),
(71),
(72),
(73),
(74),
(75),
(76),
(77),
(78),
(79),
(80),
(81),
(82),
(83),
(84),
(85),
(86),
(87),
(88),
(89),
(90),
(91),
(92),
(93),
(94),
(95),
(96),
(97),
(98),
(99),
(100),
(101),
(102),
(103),
(104),
(105);
/*!40000 ALTER TABLE `customers` ENABLE KEYS */;
UNLOCK TABLES;

--
-- Table structure for table `discounts`
--

DROP TABLE IF EXISTS `discounts`;
/*!40101 SET @saved_cs_client     = @@character_set_client */;
/*!40101 SET character_set_client = utf8mb4 */;
CREATE TABLE `discounts` (
  `DiscountID` int NOT NULL,
  `DiscountCode` varchar(20) NOT NULL,
  `StartDate` datetime(6) NOT NULL,
  `EndDate` datetime(6) DEFAULT NULL,
  `DiscountType` char(1) NOT NULL,
  `DiscountAmount` decimal(6,2) NOT NULL,
  PRIMARY KEY (`DiscountID`)
) ENGINE=InnoDB DEFAULT CHARSET=utf8mb4 COLLATE=utf8mb4_0900_ai_ci;
/*!40101 SET character_set_client = @saved_cs_client */;

--
-- Dumping data for table `discounts`
--

LOCK TABLES `discounts` WRITE;
/*!40000 ALTER TABLE `discounts` DISABLE KEYS */;
INSERT INTO `discounts` VALUES
(1001,'DISC001','2025-02-15 21:19:45.250000','2025-08-31 21:19:45.250000','P',23.00),
(1002,'DISC002','2025-01-29 21:19:45.253000','2025-11-13 21:19:45.253000','F',96.00),
(1003,'DISC003','2025-04-17 21:19:45.253000',NULL,'S',2.00),
(1004,'DISC004','2025-07-20 21:19:45.253000','2025-07-31 21:19:45.253000','P',17.00),
(1005,'DISC005','2025-09-17 21:19:45.253000',NULL,'F',109.00),
(1006,'DISC006','2025-02-25 21:19:45.253000','2026-01-07 21:19:45.253000','S',4.00),
(1007,'DISC007','2025-01-11 21:19:45.253000','2025-10-08 21:19:45.253000','P',32.00),
(1008,'DISC008','2024-12-10 21:19:45.253000','2025-01-05 21:19:45.253000','F',91.00),
(1009,'DISC009','2025-06-19 21:19:45.253000',NULL,'S',4.00),
(1010,'DISC010','2025-11-09 21:19:45.253000',NULL,'P',38.00),
(1011,'DISC011','2025-05-25 21:19:45.253000','2025-06-14 21:19:45.253000','F',94.00),
(1012,'DISC012','2025-10-24 21:19:45.253000',NULL,'S',2.00),
(1013,'DISC013','2025-09-23 21:19:45.253000',NULL,'P',30.00),
(1014,'DISC014','2025-07-24 21:19:45.253000',NULL,'F',26.00),
(1015,'DISC015','2025-08-11 21:19:45.253000','2026-04-23 21:19:45.253000','S',19.00),
(1016,'DISC016','2025-03-06 21:19:45.253000','2025-05-09 21:19:45.253000','P',16.00),
(1017,'DISC017','2024-11-30 21:19:45.253000','2025-02-05 21:19:45.253000','F',28.00),
(1018,'DISC018','2025-11-10 21:19:45.253000','2026-10-17 21:19:45.253000','S',12.00),
(1019,'DISC019','2024-12-29 21:19:45.253000','2025-05-10 21:19:45.253000','P',28.00),
(1020,'DISC020','2025-05-23 21:19:45.253000','2026-03-19 21:19:45.253000','F',43.00),
(1021,'DISC021','2025-03-07 21:19:45.253000','2025-05-23 21:19:45.253000','S',11.00),
(1022,'DISC022','2025-03-18 21:19:45.253000','2025-08-29 21:19:45.253000','P',8.00),
(1023,'DISC023','2025-10-28 21:19:45.253000',NULL,'F',97.00),
(1024,'DISC024','2025-01-09 21:19:45.253000','2025-06-20 21:19:45.253000','S',3.00),
(1025,'DISC025','2025-06-17 21:19:45.253000',NULL,'P',21.00),
(1026,'DISC026','2024-11-20 21:19:45.253000','2025-09-19 21:19:45.253000','F',186.00),
(1027,'DISC027','2025-07-18 21:19:45.253000','2025-07-21 21:19:45.253000','S',11.00),
(1028,'DISC028','2025-10-22 21:19:45.253000','2025-12-30 21:19:45.253000','P',11.00),
(1029,'DISC029','2025-08-03 21:19:45.253000',NULL,'F',39.00),
(1030,'DISC030','2025-02-14 21:19:45.253000','2025-04-26 21:19:45.253000','S',14.00),
(1031,'DISC031','2025-11-08 21:19:45.253000',NULL,'P',14.00),
(1032,'DISC032','2025-05-25 21:19:45.253000',NULL,'F',175.00),
(1033,'DISC033','2024-12-08 21:19:45.253000','2025-06-05 21:19:45.253000','S',7.00),
(1034,'DISC034','2025-02-08 21:19:45.253000','2025-06-24 21:19:45.253000','P',42.00),
(1035,'DISC035','2025-10-12 21:19:45.253000',NULL,'F',57.00),
(1036,'DISC036','2024-12-09 21:19:45.253000','2025-09-10 21:19:45.253000','S',16.00),
(1037,'DISC037','2024-12-24 21:19:45.253000','2025-11-19 21:19:45.253000','P',48.00),
(1038,'DISC038','2025-09-04 21:19:45.253000','2026-08-18 21:19:45.253000','F',7.00),
(1039,'DISC039','2025-08-14 21:19:45.253000','2026-05-14 21:19:45.253000','S',15.00),
(1040,'DISC040','2025-05-09 21:19:45.253000','2025-08-12 21:19:45.253000','P',34.00),
(1041,'DISC041','2024-12-05 21:19:45.253000','2025-01-03 21:19:45.253000','F',60.00),
(1042,'DISC042','2024-11-18 21:19:45.253000','2025-09-15 21:19:45.253000','S',6.00),
(1043,'DISC043','2025-03-05 21:19:45.253000','2025-04-25 21:19:45.253000','P',7.00),
(1044,'DISC044','2025-06-01 21:19:45.253000','2025-10-30 21:19:45.253000','F',32.00),
(1045,'DISC045','2025-08-20 21:19:45.253000','2025-10-09 21:19:45.253000','S',14.00),
(1046,'DISC046','2025-04-13 21:19:45.253000','2026-03-19 21:19:45.253000','P',28.00),
(1047,'DISC047','2025-06-30 21:19:45.253000',NULL,'F',194.00),
(1048,'DISC048','2025-11-01 21:19:45.253000','2025-12-20 21:19:45.253000','S',10.00),
(1049,'DISC049','2025-10-13 21:19:45.253000','2026-06-28 21:19:45.253000','P',11.00),
(1050,'DISC050','2025-02-15 21:19:45.253000',NULL,'F',76.00);
/*!40000 ALTER TABLE `discounts` ENABLE KEYS */;
UNLOCK TABLES;

--
-- Table structure for table `driverinsurance`
--

DROP TABLE IF EXISTS `driverinsurance`;
/*!40101 SET @saved_cs_client     = @@character_set_client */;
/*!40101 SET character_set_client = utf8mb4 */;
CREATE TABLE `driverinsurance` (
  `InsuranceID` int NOT NULL,
  `PersonID` int NOT NULL,
  `PolicyProvider` varchar(50) NOT NULL,
  `PolicyNumber` varchar(50) NOT NULL,
  `ExpirationDate` date NOT NULL,
  PRIMARY KEY (`InsuranceID`),
  KEY `DriverInsurance_PersonID_Persons_PersonID` (`PersonID`),
  CONSTRAINT `DriverInsurance_PersonID_Persons_PersonID` FOREIGN KEY (`PersonID`) REFERENCES `persons` (`PersonID`)
) ENGINE=InnoDB DEFAULT CHARSET=utf8mb4 COLLATE=utf8mb4_0900_ai_ci;
/*!40101 SET character_set_client = @saved_cs_client */;

--
-- Dumping data for table `driverinsurance`
--

LOCK TABLES `driverinsurance` WRITE;
/*!40000 ALTER TABLE `driverinsurance` DISABLE KEYS */;
INSERT INTO `driverinsurance` VALUES
(1,56,'Geico','CBF1358861243','2026-12-08'),
(2,13,'Travelers','0660342213592','2027-03-31'),
(3,27,'State Farm','E781978124863','2026-06-26'),
(4,51,'Travelers','F080555219747','2026-03-13'),
(5,14,'USAA','E3B0342110527','2026-05-08'),
(6,12,'Allstate','5841896890163','2026-06-12'),
(7,77,'Travelers','85C1408826144','2027-04-21'),
(8,38,'Travelers','6DB1985501866','2026-11-24'),
(9,94,'Allstate','11C0001743802','2028-10-16'),
(10,103,'Liberty Mutual','33C0929503837','2028-07-18'),
(11,63,'Nationwide','1E00646482142','2026-09-28'),
(12,83,'Progressive','F831150450811','2028-04-23'),
(13,104,'Liberty Mutual','C9E0698183174','2026-05-18'),
(14,87,'Travelers','B801830330391','2027-09-25'),
(15,10,'Travelers','BBC1165152879','2026-12-27'),
(16,34,'Geico','DA81740764829','2028-08-01'),
(17,6,'USAA','7D01213632998','2026-09-11'),
(18,102,'Allstate','B4E0229589922','2026-09-24'),
(19,31,'Travelers','6990565770589','2028-07-21'),
(20,75,'Travelers','B7D0359908041','2026-07-11'),
(22,58,'Allstate','F370146829578','2027-01-07'),
(23,73,'Travelers','7A10281941509','2028-08-14'),
(24,80,'State Farm','1600645146801','2026-03-28'),
(25,28,'Nationwide','2710823690111','2026-09-30'),
(26,101,'Travelers','C792081335401','2026-07-27'),
(28,90,'Allstate','4230446054785','2028-05-18'),
(29,19,'Travelers','26B0445474790','2026-10-30'),
(30,26,'Progressive','2340234369294','2027-04-14'),
(31,25,'Travelers','AB31986048746','2028-02-25'),
(33,50,'Travelers','8870176628527','2028-11-02'),
(34,92,'State Farm','0391597340758','2026-11-19'),
(36,84,'Allstate','0B11731550139','2028-06-07'),
(37,30,'Travelers','F8F0999926858','2026-04-01'),
(38,40,'Allstate','36B1802642907','2027-10-06'),
(40,47,'Geico','8FD1755532260','2027-06-10'),
(42,32,'Geico','9C00041277414','2028-07-31'),
(44,62,'Progressive','8E60685255649','2027-06-17'),
(45,81,'State Farm','5B62007804550','2027-01-18'),
(46,95,'Travelers','D201634282813','2025-12-15'),
(47,11,'Liberty Mutual','C760571780576','2027-05-13'),
(48,16,'Travelers','D931785844106','2027-07-05'),
(49,64,'Travelers','FA40307183427','2027-11-20'),
(50,76,'Geico','30C1567822981','2028-07-19'),
(52,69,'Progressive','88C1309685067','2027-06-17'),
(53,67,'Geico','3850181685366','2027-07-25'),
(54,33,'Progressive','54A0761813802','2026-06-07'),
(56,70,'Travelers','B840902295936','2026-05-11'),
(57,85,'Nationwide','97C0691770054','2028-10-24'),
(59,71,'State Farm','68C2044720476','2026-01-04'),
(60,97,'USAA','D040228820848','2028-11-02'),
(61,42,'Allstate','80E1463286197','2028-10-17'),
(62,7,'Travelers','1B42092627715','2027-04-17'),
(63,44,'Travelers','1350204753771','2026-04-03'),
(64,8,'Travelers','0141713705900','2028-06-17'),
(65,57,'State Farm','E840298046841','2027-03-10'),
(66,55,'Liberty Mutual','5791934287601','2026-09-19'),
(68,29,'Travelers','8251793204198','2026-06-13'),
(69,89,'Travelers','71D0673458565','2026-03-13'),
(74,68,'Travelers','3810319354126','2027-01-12'),
(75,9,'State Farm','BFE1235470943','2028-09-02'),
(76,22,'Travelers','D2B1568374747','2026-09-26'),
(79,91,'Travelers','C371637014855','2027-04-21'),
(80,52,'Travelers','C4C1670212736','2028-07-13'),
(81,98,'Travelers','3DD1070202142','2027-06-25'),
(82,93,'Travelers','1DF1951605117','2028-05-10'),
(83,82,'Travelers','25A0243544783','2027-08-15'),
(84,96,'State Farm','B140476144978','2027-12-31'),
(85,74,'USAA','0481411757443','2026-04-17'),
(87,66,'Allstate','33E0606105365','2027-07-30'),
(89,20,'State Farm','0C30158793034','2028-08-27'),
(90,60,'Travelers','68D1333127802','2027-07-08'),
(91,48,'Geico','5390566107375','2027-08-29'),
(92,43,'Progressive','6DC1009625569','2027-12-10'),
(93,17,'Travelers','F080645434477','2027-09-07'),
(94,61,'State Farm','4850089064293','2027-10-11'),
(95,49,'Nationwide','7100592542216','2027-02-05'),
(97,78,'Travelers','20C1482759724','2026-06-08'),
(98,45,'USAA','0470779683220','2027-12-15'),
(99,88,'Travelers','C160632618857','2025-12-14'),
(100,39,'Travelers','E5F0962959353','2026-03-09');
/*!40000 ALTER TABLE `driverinsurance` ENABLE KEYS */;
UNLOCK TABLES;

--
-- Table structure for table `driverslicense`
--

DROP TABLE IF EXISTS `driverslicense`;
/*!40101 SET @saved_cs_client     = @@character_set_client */;
/*!40101 SET character_set_client = utf8mb4 */;
CREATE TABLE `driverslicense` (
  `DriversLicenseID` int NOT NULL,
  `PersonID` int NOT NULL,
  `LicenseState` char(2) NOT NULL,
  `LicenseNumber` varchar(20) NOT NULL,
  `DateOfBirth` date NOT NULL,
  `ExpirationDate` date NOT NULL,
  PRIMARY KEY (`DriversLicenseID`),
  KEY `DriversLicense_PersonID_Persons_PersonID` (`PersonID`),
  CONSTRAINT `DriversLicense_PersonID_Persons_PersonID` FOREIGN KEY (`PersonID`) REFERENCES `persons` (`PersonID`)
) ENGINE=InnoDB DEFAULT CHARSET=utf8mb4 COLLATE=utf8mb4_0900_ai_ci;
/*!40101 SET character_set_client = @saved_cs_client */;

--
-- Dumping data for table `driverslicense`
--

LOCK TABLES `driverslicense` WRITE;
/*!40000 ALTER TABLE `driverslicense` DISABLE KEYS */;
INSERT INTO `driverslicense` VALUES
(1,59,'WA','A81ED398F5','1978-08-07','2032-06-15'),
(2,65,'TX','CD927310FA','1957-05-27','2036-10-30'),
(3,90,'NC','BAE3DB179C','1997-03-22','2030-06-11'),
(4,14,'NC','7BE2082579','1980-12-23','2031-02-26'),
(5,55,'NC','A9AC652B55','1966-08-11','2031-12-20'),
(6,50,'WA','0ED69CFCA3','1989-03-14','2027-11-30'),
(7,33,'NY','CE431108A9','1969-03-01','2027-02-18'),
(8,62,'PA','28E84EBAB6','1966-05-06','2034-10-21'),
(9,64,'NC','B0D0D060E1','1987-10-29','2028-12-25'),
(10,21,'PA','5B025794C9','1999-05-01','2030-03-09'),
(11,40,'NC','4BCB842BBE','2005-06-19','2031-12-15'),
(12,100,'NC','74F3F00B87','1975-03-06','2030-04-21'),
(13,25,'NC','6E723B0FE6','2003-09-06','2027-06-10'),
(14,49,'NC','EB7344DE09','1955-01-25','2030-04-18'),
(15,12,'NY','FC01A9C0A4','1979-04-12','2027-05-16'),
(16,103,'NC','596D87B872','2005-02-09','2033-04-20'),
(17,53,'MI','7BEB5E25C7','1976-10-26','2031-05-08'),
(18,22,'WA','FBB9706616','1988-04-21','2032-07-19'),
(19,105,'IL','DF41037255','1975-06-24','2032-02-29'),
(20,9,'FL','656774E10D','1987-04-18','2029-04-02'),
(21,48,'CA','19A650C768','1985-07-17','2030-06-20'),
(22,76,'OH','12299D8425','1982-02-16','2032-05-23'),
(23,99,'NC','F0A29C836E','1973-12-09','2035-02-06'),
(24,95,'NC','2BDE34736B','1949-09-27','2027-05-09'),
(25,86,'CA','969203733A','1996-04-27','2033-11-25'),
(26,42,'TX','0FDB93CC74','1984-06-25','2028-06-28'),
(27,79,'NY','8756AD8274','1984-02-22','2028-01-22'),
(28,69,'NY','F0F4D5C73C','1982-11-27','2033-12-09'),
(29,78,'NY','55DCB2E74A','1969-10-23','2031-08-19'),
(30,66,'NC','1B7F63827C','1976-01-17','2034-06-04'),
(31,19,'FL','9C172A7E65','1990-11-02','2027-09-23'),
(32,77,'NC','8C6FA78E53','1959-03-05','2027-05-24'),
(33,39,'NC','1A49BC9081','1972-09-05','2027-10-02'),
(34,89,'TX','BF22157F09','1993-07-28','2033-05-16'),
(35,80,'NC','38D58C1325','1970-10-05','2027-01-05'),
(36,68,'NC','E83A8B8DA9','1982-06-23','2029-08-03'),
(37,51,'MI','3031FA0A4F','2005-01-27','2032-12-12'),
(38,38,'CA','27C40F491E','1998-02-22','2032-01-26'),
(39,101,'WA','EB4C06A263','1985-04-03','2029-08-24'),
(40,31,'NC','F490165414','1945-03-06','2027-11-12'),
(41,11,'WA','9BC70B035C','1979-09-16','2033-05-21'),
(42,27,'NC','2250A73EA5','1955-01-08','2030-10-23'),
(43,60,'NC','7ED487DE7B','1986-01-01','2035-04-19'),
(44,84,'NY','E44F626720','1971-08-07','2028-10-02'),
(45,58,'TX','3C77A6F635','1955-12-04','2029-04-21'),
(46,30,'NY','41953F0644','1984-06-08','2032-09-16'),
(47,85,'CA','90748656DA','1975-01-05','2032-03-28'),
(48,34,'NC','592CD2012C','1963-07-01','2033-11-24'),
(49,87,'CA','E842B5CAE2','1974-09-19','2027-08-06'),
(50,56,'NC','F89CB99D14','1969-10-30','2033-07-08'),
(51,57,'CA','9AEFB3ED13','1960-03-18','2036-01-22'),
(52,29,'WA','5EC628262B','2003-04-01','2027-01-04'),
(53,13,'NC','2F60156ED2','1982-03-28','2031-10-23'),
(54,92,'TX','105D4F2121','1961-12-03','2033-02-04'),
(55,37,'CA','57F6F3AD06','2005-10-07','2028-06-19'),
(56,47,'NC','BEFD0B1FA3','1988-09-24','2033-05-28'),
(57,93,'NC','D921040DB3','1975-09-16','2034-04-28'),
(58,98,'NC','B013159A7D','1991-09-23','2035-11-29'),
(59,71,'WA','16090FD979','1982-12-06','2029-01-09'),
(60,70,'FL','EA5A36D4AF','1952-01-29','2028-09-05'),
(61,17,'NC','25F7081C5F','1968-04-02','2036-05-09'),
(62,67,'OH','83AD7AB582','1968-11-20','2035-10-28'),
(63,16,'NC','EB58D0573C','1965-07-06','2035-04-24'),
(64,23,'NC','204307D22B','2002-07-01','2035-12-22'),
(65,88,'NC','7B7CFE3CBF','1982-09-29','2027-12-28'),
(66,54,'WA','478729B180','1954-12-28','2033-06-28'),
(67,104,'OH','C0AA0199D7','1969-08-05','2029-08-15'),
(68,102,'NC','E95A6A75ED','1965-09-03','2028-12-19'),
(69,83,'OH','3ED1E6FFF4','1997-10-01','2027-12-17'),
(70,36,'IL','915068351E','1959-01-07','2027-12-31'),
(71,82,'TX','C861594739','1954-06-20','2032-01-12'),
(72,81,'PA','8ABF7D8F0E','1954-03-02','2031-03-22'),
(73,7,'NC','D0EC436498','1945-12-21','2032-09-07'),
(74,32,'NC','3490DB5B64','1945-08-30','2035-02-14'),
(75,24,'TX','686820FE80','2004-12-10','2034-12-10'),
(76,96,'IL','537F078358','1968-12-04','2031-03-22'),
(77,72,'NC','3DF13B91BC','1965-06-22','2035-01-14'),
(78,43,'NC','70DDAE11DA','1955-03-29','2031-08-25'),
(79,52,'PA','AAF74372AD','1956-06-02','2032-04-25'),
(80,45,'FL','00E89AFDE5','1958-08-24','2026-11-23');
/*!40000 ALTER TABLE `driverslicense` ENABLE KEYS */;
UNLOCK TABLES;

--
-- Table structure for table `emails`
--

DROP TABLE IF EXISTS `emails`;
/*!40101 SET @saved_cs_client     = @@character_set_client */;
/*!40101 SET character_set_client = utf8mb4 */;
CREATE TABLE `emails` (
  `EmailID` int NOT NULL AUTO_INCREMENT,
  `PartyID` int NOT NULL,
  `EmailType` char(1) NOT NULL,
  `EmailAddress` varchar(100) NOT NULL,
  PRIMARY KEY (`EmailID`),
  KEY `Emails_PartyID_Parties_PartyID` (`PartyID`),
  CONSTRAINT `Emails_PartyID_Parties_PartyID` FOREIGN KEY (`PartyID`) REFERENCES `parties` (`PartyID`)
) ENGINE=InnoDB AUTO_INCREMENT=255 DEFAULT CHARSET=utf8mb4 COLLATE=utf8mb4_0900_ai_ci;
/*!40101 SET character_set_client = @saved_cs_client */;

--
-- Dumping data for table `emails`
--

LOCK TABLES `emails` WRITE;
/*!40000 ALTER TABLE `emails` DISABLE KEYS */;
INSERT INTO `emails` VALUES
(1,1,'P','user001@sample.co'),
(2,2,'P','user002@sample.co'),
(3,3,'P','user003@test.org'),
(4,4,'P','user004@mail.com'),
(5,5,'P','user005@sample.co'),
(6,6,'P','user006@example.com'),
(7,7,'P','user007@sample.co'),
(8,8,'W','user008@mail.com'),
(9,9,'P','user009@example.com'),
(10,10,'W','user010@acme.com'),
(11,11,'O','user011@sample.co'),
(12,12,'P','user012@mail.com'),
(13,13,'P','user013@example.com'),
(14,14,'O','user014@example.com'),
(15,15,'O','user015@mail.com'),
(16,16,'P','user016@email.net'),
(17,17,'P','user017@sample.co'),
(18,18,'O','user018@example.com'),
(19,19,'P','user019@email.net'),
(20,20,'O','user020@test.org'),
(21,21,'P','user021@sample.co'),
(22,22,'O','user022@email.net'),
(23,23,'P','user023@email.net'),
(24,24,'O','user024@example.com'),
(25,25,'W','user025@email.net'),
(26,26,'O','user026@test.org'),
(27,27,'O','user027@mail.com'),
(28,28,'O','user028@sample.co'),
(29,29,'P','user029@sample.co'),
(30,30,'P','user030@acme.com'),
(31,31,'O','user031@sample.co'),
(32,32,'P','user032@sample.co'),
(33,33,'W','user033@mail.com'),
(34,34,'O','user034@mail.com'),
(35,35,'P','user035@example.com'),
(36,36,'O','user036@example.com'),
(37,37,'O','user037@sample.co'),
(38,38,'W','user038@test.org'),
(39,39,'O','user039@mail.com'),
(40,40,'O','user040@email.net'),
(41,41,'O','user041@sample.co'),
(42,42,'O','user042@email.net'),
(43,43,'O','user043@email.net'),
(44,44,'W','user044@sample.co'),
(45,45,'O','user045@mail.com'),
(46,46,'P','user046@sample.co'),
(47,47,'O','user047@email.net'),
(48,48,'P','user048@mail.com'),
(49,49,'O','user049@test.org'),
(50,50,'O','user050@sample.co'),
(51,51,'W','user051@sample.co'),
(52,52,'O','user052@mail.com'),
(53,53,'O','user053@sample.co'),
(54,54,'O','user054@example.com'),
(55,55,'O','user055@test.org'),
(56,56,'W','user056@sample.co'),
(57,57,'W','user057@sample.co'),
(58,58,'O','user058@sample.co'),
(59,59,'P','user059@sample.co'),
(60,60,'P','user060@test.org'),
(61,61,'W','user061@acme.com'),
(62,62,'P','user062@mail.com'),
(63,63,'O','user063@sample.co'),
(64,64,'O','user064@mail.com'),
(65,65,'W','user065@example.com'),
(66,66,'P','user066@sample.co'),
(67,67,'O','user067@sample.co'),
(68,68,'P','user068@sample.co'),
(69,69,'W','user069@example.com'),
(70,70,'O','user070@acme.com'),
(71,71,'O','user071@example.com'),
(72,72,'W','user072@example.com'),
(73,73,'P','user073@sample.co'),
(74,74,'O','user074@sample.co'),
(75,75,'O','user075@mail.com'),
(76,76,'P','user076@acme.com'),
(77,77,'O','user077@example.com'),
(78,78,'O','user078@example.com'),
(79,79,'P','user079@mail.com'),
(80,80,'P','user080@mail.com'),
(81,81,'W','user081@sample.co'),
(82,82,'O','user082@example.com'),
(83,83,'W','user083@email.net'),
(84,84,'P','user084@example.com'),
(85,85,'P','user085@sample.co'),
(86,86,'P','user086@example.com'),
(87,87,'P','user087@email.net'),
(88,88,'O','user088@sample.co'),
(89,89,'O','user089@example.com'),
(90,90,'W','user090@mail.com'),
(91,91,'P','user091@sample.co'),
(92,92,'O','user092@mail.com'),
(93,93,'O','user093@acme.com'),
(94,94,'P','user094@acme.com'),
(95,95,'O','user095@sample.co'),
(96,96,'P','user096@sample.co'),
(97,97,'O','user097@example.com'),
(98,98,'P','user098@email.net'),
(99,99,'P','user099@example.com'),
(100,100,'P','user100@acme.com'),
(101,101,'W','user101@sample.co'),
(102,102,'O','user102@test.org'),
(103,103,'P','user103@sample.co'),
(104,104,'W','user104@mail.com'),
(105,105,'W','user105@sample.co'),
(106,106,'W','user106@email.net'),
(107,107,'P','user107@sample.co'),
(108,108,'O','user108@email.net'),
(109,109,'O','user109@sample.co'),
(110,110,'P','user110@sample.co'),
(111,111,'W','user111@sample.co'),
(112,112,'O','user112@example.com'),
(113,113,'W','user113@email.net'),
(114,114,'P','user114@sample.co'),
(115,115,'O','user115@acme.com'),
(116,116,'O','user116@test.org'),
(117,117,'O','user117@sample.co'),
(118,118,'W','user118@mail.com'),
(119,119,'P','user119@test.org'),
(120,120,'W','user120@acme.com'),
(121,121,'W','user121@test.org'),
(122,122,'W','user122@sample.co'),
(123,123,'W','user123@example.com'),
(124,124,'O','user124@sample.co'),
(125,125,'P','user125@sample.co'),
(126,126,'O','user126@acme.com'),
(127,127,'W','user127@email.net'),
(128,128,'O','user128@acme.com'),
(129,129,'O','user129@email.net'),
(130,130,'O','user130@acme.com'),
(131,131,'O','user131@acme.com'),
(132,132,'O','user132@example.com'),
(133,133,'P','user133@example.com'),
(134,134,'W','user134@sample.co'),
(135,135,'P','user135@sample.co'),
(136,136,'P','user136@example.com'),
(137,137,'O','user137@mail.com'),
(138,138,'P','user138@sample.co'),
(139,139,'W','user139@test.org'),
(140,140,'P','user140@test.org'),
(141,141,'O','user141@sample.co'),
(142,142,'P','user142@acme.com'),
(143,143,'O','user143@test.org'),
(144,144,'W','user144@example.com'),
(145,145,'O','user145@email.net'),
(146,146,'O','user146@example.com'),
(147,147,'P','user147@example.com'),
(148,148,'O','user148@test.org'),
(149,149,'O','user149@example.com'),
(150,150,'O','user150@acme.com'),
(151,151,'P','user151@sample.co'),
(152,152,'P','user152@mail.com'),
(153,153,'P','user153@email.net'),
(154,154,'W','user154@sample.co'),
(155,155,'W','user155@sample.co'),
(156,156,'P','user156@example.com'),
(157,157,'W','user157@sample.co'),
(158,158,'O','user158@sample.co'),
(159,159,'P','user159@sample.co'),
(160,160,'P','user160@test.org'),
(161,161,'O','user161@mail.com'),
(162,162,'P','user162@example.com'),
(163,163,'P','user163@sample.co'),
(164,164,'W','user164@sample.co'),
(165,165,'W','user165@example.com'),
(166,166,'O','user166@example.com'),
(167,167,'P','user167@sample.co'),
(168,168,'P','user168@sample.co'),
(169,169,'W','user169@sample.co'),
(170,170,'O','user170@sample.co'),
(171,171,'W','user171@sample.co'),
(172,172,'P','user172@email.net'),
(173,173,'O','user173@mail.com'),
(174,174,'O','user174@mail.com'),
(175,175,'P','user175@email.net'),
(176,176,'P','user176@sample.co'),
(177,177,'O','user177@sample.co'),
(178,178,'O','user178@test.org'),
(179,179,'O','user179@sample.co'),
(180,180,'O','user180@mail.com'),
(181,181,'P','user181@mail.com'),
(182,182,'P','user182@sample.co'),
(183,183,'O','user183@test.org'),
(184,184,'W','user184@sample.co'),
(185,185,'O','user185@mail.com'),
(186,186,'O','user186@test.org'),
(187,187,'W','user187@mail.com'),
(188,188,'O','user188@sample.co'),
(189,189,'O','user189@sample.co'),
(190,190,'P','user190@sample.co'),
(191,191,'P','user191@test.org'),
(192,192,'P','user192@sample.co'),
(193,193,'W','user193@example.com'),
(194,194,'W','user194@sample.co'),
(195,195,'P','user195@sample.co'),
(196,196,'O','user196@sample.co'),
(197,197,'O','user197@email.net'),
(198,198,'P','user198@sample.co'),
(199,199,'P','user199@sample.co'),
(200,1,'W','user200@acme.com'),
(201,2,'P','user201@sample.co'),
(202,3,'O','user202@sample.co'),
(203,4,'P','user203@sample.co'),
(204,5,'P','user204@sample.co'),
(205,6,'O','user205@test.org'),
(206,7,'P','user206@test.org'),
(207,8,'P','user207@sample.co'),
(208,9,'P','user208@mail.com'),
(209,10,'P','user209@sample.co'),
(210,11,'P','user210@sample.co'),
(211,12,'P','user211@email.net'),
(212,13,'O','user212@example.com'),
(213,14,'O','user213@sample.co'),
(214,15,'W','user214@mail.com'),
(215,16,'P','user215@sample.co'),
(216,17,'P','user216@example.com'),
(217,18,'P','user217@sample.co'),
(218,19,'O','user218@sample.co'),
(219,20,'O','user219@mail.com'),
(220,21,'P','user220@acme.com'),
(221,22,'P','user221@example.com'),
(222,23,'P','user222@sample.co'),
(223,24,'P','user223@sample.co'),
(224,25,'P','user224@example.com'),
(225,26,'O','user225@example.com'),
(226,27,'P','user226@example.com'),
(227,28,'O','user227@sample.co'),
(228,29,'P','user228@mail.com'),
(229,30,'P','user229@sample.co'),
(230,31,'W','user230@sample.co'),
(231,32,'P','user231@email.net'),
(232,33,'W','user232@example.com'),
(233,34,'P','user233@example.com'),
(234,35,'O','user234@sample.co'),
(235,36,'O','user235@sample.co'),
(236,37,'O','user236@sample.co'),
(237,38,'O','user237@sample.co'),
(238,39,'O','user238@example.com'),
(239,40,'O','user239@test.org'),
(240,41,'P','user240@sample.co'),
(241,42,'O','user241@sample.co'),
(242,43,'W','user242@example.com'),
(243,44,'P','user243@sample.co'),
(244,45,'P','user244@example.com'),
(245,46,'O','user245@mail.com'),
(246,47,'P','user246@acme.com'),
(247,48,'O','user247@email.net'),
(248,49,'O','user248@sample.co'),
(249,50,'O','user249@sample.co'),
(250,51,'P','user250@mail.com'),
(251,213,'p','jsmith1@example.com'),
(253,220,'p','bobanderson@gmail.com'),
(254,223,'p','bdonald@example.com');
/*!40000 ALTER TABLE `emails` ENABLE KEYS */;
UNLOCK TABLES;

--
-- Table structure for table `employees`
--

DROP TABLE IF EXISTS `employees`;
/*!40101 SET @saved_cs_client     = @@character_set_client */;
/*!40101 SET character_set_client = utf8mb4 */;
CREATE TABLE `employees` (
  `EmployeeID` int NOT NULL,
  `HireDate` date NOT NULL,
  `IsActive` tinyint(1) NOT NULL,
  `Gender` varchar(10) NOT NULL,
  `PayRate` decimal(5,2) NOT NULL,
  PRIMARY KEY (`EmployeeID`),
  CONSTRAINT `Employees_EmployeeID_Persons_PersonID` FOREIGN KEY (`EmployeeID`) REFERENCES `persons` (`PersonID`)
) ENGINE=InnoDB DEFAULT CHARSET=utf8mb4 COLLATE=utf8mb4_0900_ai_ci;
/*!40101 SET character_set_client = @saved_cs_client */;

--
-- Dumping data for table `employees`
--

LOCK TABLES `employees` WRITE;
/*!40000 ALTER TABLE `employees` DISABLE KEYS */;
INSERT INTO `employees` VALUES
(6,'2016-12-02',1,'U',18.81),
(7,'2022-12-18',1,'U',34.78),
(8,'2018-02-01',1,'U',76.63),
(9,'2019-09-15',1,'M',66.82),
(10,'2016-05-20',1,'M',37.06),
(11,'2019-12-25',0,'F',38.11),
(12,'2025-04-04',1,'U',72.16),
(13,'2017-09-08',1,'F',36.68),
(14,'2024-04-19',0,'M',20.86),
(15,'2017-06-17',1,'F',88.54),
(16,'2019-10-26',0,'U',84.59),
(17,'2016-12-12',0,'M',16.55),
(18,'2016-08-07',1,'U',73.34),
(19,'2017-07-16',1,'M',52.62),
(20,'2017-07-04',1,'M',64.79),
(21,'2019-01-27',0,'M',85.39),
(22,'2016-02-26',0,'M',49.98),
(23,'2018-09-01',1,'F',48.87),
(24,'2024-08-24',1,'M',45.73),
(25,'2020-06-04',1,'U',94.92),
(26,'2017-07-13',0,'U',72.73),
(27,'2022-12-28',1,'U',76.93),
(28,'2022-02-22',0,'F',86.27),
(29,'2022-08-10',0,'U',22.84),
(30,'2022-05-13',1,'U',15.95),
(31,'2016-01-07',1,'X',24.64),
(32,'2024-05-21',1,'F',27.75),
(33,'2016-12-15',0,'U',17.08),
(34,'2016-05-05',1,'F',15.34),
(35,'2024-11-06',1,'X',92.46),
(36,'2018-06-24',0,'U',37.37),
(37,'2021-08-16',1,'U',76.80),
(38,'2023-12-04',1,'X',78.47),
(39,'2022-12-06',0,'F',54.40),
(40,'2017-01-20',1,'U',51.66),
(41,'2025-04-30',1,'U',88.98),
(42,'2017-01-14',1,'M',37.18),
(43,'2022-06-22',1,'U',60.73),
(44,'2025-01-03',1,'M',36.33),
(45,'2018-12-26',1,'U',21.20),
(46,'2023-06-21',1,'M',24.48),
(47,'2018-01-17',0,'F',93.88),
(48,'2022-09-04',0,'F',87.28),
(49,'2018-03-04',1,'F',83.52),
(50,'2017-08-10',0,'M',78.05),
(51,'2021-08-26',1,'U',29.08),
(52,'2016-12-05',1,'F',41.06),
(53,'2017-02-09',1,'X',88.41),
(54,'2022-05-01',1,'U',78.18),
(55,'2022-06-08',0,'U',27.77);
/*!40000 ALTER TABLE `employees` ENABLE KEYS */;
UNLOCK TABLES;

--
-- Table structure for table `locations`
--

DROP TABLE IF EXISTS `locations`;
/*!40101 SET @saved_cs_client     = @@character_set_client */;
/*!40101 SET character_set_client = utf8mb4 */;
CREATE TABLE `locations` (
  `LocationID` int NOT NULL,
  `MaxVehicles` int NOT NULL,
  PRIMARY KEY (`LocationID`),
  CONSTRAINT `Locations_LocationID_Parties_PartyID` FOREIGN KEY (`LocationID`) REFERENCES `parties` (`PartyID`)
) ENGINE=InnoDB DEFAULT CHARSET=utf8mb4 COLLATE=utf8mb4_0900_ai_ci;
/*!40101 SET character_set_client = @saved_cs_client */;

--
-- Dumping data for table `locations`
--

LOCK TABLES `locations` WRITE;
/*!40000 ALTER TABLE `locations` DISABLE KEYS */;
INSERT INTO `locations` VALUES
(1,100),
(2,50),
(3,200),
(4,75),
(5,30);
/*!40000 ALTER TABLE `locations` ENABLE KEYS */;
UNLOCK TABLES;

--
-- Table structure for table `parties`
--

DROP TABLE IF EXISTS `parties`;
/*!40101 SET @saved_cs_client     = @@character_set_client */;
/*!40101 SET character_set_client = utf8mb4 */;
CREATE TABLE `parties` (
  `PartyID` int NOT NULL AUTO_INCREMENT,
  PRIMARY KEY (`PartyID`)
) ENGINE=InnoDB AUTO_INCREMENT=224 DEFAULT CHARSET=utf8mb4 COLLATE=utf8mb4_0900_ai_ci;
/*!40101 SET character_set_client = @saved_cs_client */;

--
-- Dumping data for table `parties`
--

LOCK TABLES `parties` WRITE;
/*!40000 ALTER TABLE `parties` DISABLE KEYS */;
INSERT INTO `parties` VALUES
(1),
(2),
(3),
(4),
(5),
(6),
(7),
(8),
(9),
(10),
(11),
(12),
(13),
(14),
(15),
(16),
(17),
(18),
(19),
(20),
(21),
(22),
(23),
(24),
(25),
(26),
(27),
(28),
(29),
(30),
(31),
(32),
(33),
(34),
(35),
(36),
(37),
(38),
(39),
(40),
(41),
(42),
(43),
(44),
(45),
(46),
(47),
(48),
(49),
(50),
(51),
(52),
(53),
(54),
(55),
(56),
(57),
(58),
(59),
(60),
(61),
(62),
(63),
(64),
(65),
(66),
(67),
(68),
(69),
(70),
(71),
(72),
(73),
(74),
(75),
(76),
(77),
(78),
(79),
(80),
(81),
(82),
(83),
(84),
(85),
(86),
(87),
(88),
(89),
(90),
(91),
(92),
(93),
(94),
(95),
(96),
(97),
(98),
(99),
(100),
(101),
(102),
(103),
(104),
(105),
(106),
(107),
(108),
(109),
(110),
(111),
(112),
(113),
(114),
(115),
(116),
(117),
(118),
(119),
(120),
(121),
(122),
(123),
(124),
(125),
(126),
(127),
(128),
(129),
(130),
(131),
(132),
(133),
(134),
(135),
(136),
(137),
(138),
(139),
(140),
(141),
(142),
(143),
(144),
(145),
(146),
(147),
(148),
(149),
(150),
(151),
(152),
(153),
(154),
(155),
(156),
(157),
(158),
(159),
(160),
(161),
(162),
(163),
(164),
(165),
(166),
(167),
(168),
(169),
(170),
(171),
(172),
(173),
(174),
(175),
(176),
(177),
(178),
(179),
(180),
(181),
(182),
(183),
(184),
(185),
(186),
(187),
(188),
(189),
(190),
(191),
(192),
(193),
(194),
(195),
(196),
(197),
(198),
(199),
(200),
(201),
(207),
(210),
(213),
(220),
(223);
/*!40000 ALTER TABLE `parties` ENABLE KEYS */;
UNLOCK TABLES;

--
-- Table structure for table `payments`
--

DROP TABLE IF EXISTS `payments`;
/*!40101 SET @saved_cs_client     = @@character_set_client */;
/*!40101 SET character_set_client = utf8mb4 */;
CREATE TABLE `payments` (
  `PaymentID` int NOT NULL,
  `personid` int DEFAULT NULL,
  PRIMARY KEY (`PaymentID`),
  KEY `payments_personid_persons_personid` (`personid`),
  CONSTRAINT `payments_personid_persons_personid` FOREIGN KEY (`personid`) REFERENCES `persons` (`PersonID`)
) ENGINE=InnoDB DEFAULT CHARSET=utf8mb4 COLLATE=utf8mb4_0900_ai_ci;
/*!40101 SET character_set_client = @saved_cs_client */;

--
-- Dumping data for table `payments`
--

LOCK TABLES `payments` WRITE;
/*!40000 ALTER TABLE `payments` DISABLE KEYS */;
INSERT INTO `payments` VALUES
(1,6),
(101,6),
(2,7),
(102,7),
(3,8),
(103,8),
(4,9),
(104,9),
(5,10),
(105,10),
(6,11),
(106,11),
(7,12),
(107,12),
(8,13),
(108,13),
(9,14),
(109,14),
(10,15),
(110,15),
(11,16),
(111,16),
(12,17),
(112,17),
(13,18),
(113,18),
(14,19),
(114,19),
(15,20),
(115,20),
(16,21),
(116,21),
(17,22),
(117,22),
(18,23),
(118,23),
(19,24),
(119,24),
(20,25),
(120,25),
(21,26),
(22,27),
(23,28),
(24,29),
(25,30),
(26,31),
(27,32),
(28,33),
(29,34),
(30,35),
(31,36),
(32,37),
(33,38),
(34,39),
(35,40),
(36,41),
(37,42),
(38,43),
(39,44),
(40,45),
(41,46),
(42,47),
(43,48),
(44,49),
(45,50),
(46,51),
(47,52),
(48,53),
(49,54),
(50,55),
(51,56),
(52,57),
(53,58),
(54,59),
(55,60),
(56,61),
(57,62),
(58,63),
(59,64),
(60,65),
(61,66),
(62,67),
(63,68),
(64,69),
(65,70),
(66,71),
(67,72),
(68,73),
(69,74),
(70,75),
(71,76),
(72,77),
(73,78),
(74,79),
(75,80),
(76,81),
(77,82),
(78,83),
(79,84),
(80,85),
(81,86),
(82,87),
(83,88),
(84,89),
(85,90),
(86,91),
(87,92),
(88,93),
(89,94),
(90,95),
(91,96),
(92,97),
(93,98),
(94,99),
(95,100),
(96,101),
(97,102),
(98,103),
(99,104),
(100,105);
/*!40000 ALTER TABLE `payments` ENABLE KEYS */;
UNLOCK TABLES;

--
-- Table structure for table `paymentstoorders`
--

DROP TABLE IF EXISTS `paymentstoorders`;
/*!40101 SET @saved_cs_client     = @@character_set_client */;
/*!40101 SET character_set_client = utf8mb4 */;
CREATE TABLE `paymentstoorders` (
  `PaymentToOrderId` int NOT NULL,
  `PaymentID` int NOT NULL,
  `RentalOrderID` int NOT NULL,
  `PaymentAmount` decimal(10,2) NOT NULL,
  PRIMARY KEY (`PaymentToOrderId`),
  KEY `PaymentsToOrders_PaymentID_Payments_PaymentID` (`PaymentID`),
  KEY `PaymentsToOrders_RentalOrderID_RentalOrders_OrderID` (`RentalOrderID`),
  CONSTRAINT `PaymentsToOrders_PaymentID_Payments_PaymentID` FOREIGN KEY (`PaymentID`) REFERENCES `payments` (`PaymentID`),
  CONSTRAINT `PaymentsToOrders_RentalOrderID_RentalOrders_OrderID` FOREIGN KEY (`RentalOrderID`) REFERENCES `rentalorders` (`OrderID`)
) ENGINE=InnoDB DEFAULT CHARSET=utf8mb4 COLLATE=utf8mb4_0900_ai_ci;
/*!40101 SET character_set_client = @saved_cs_client */;

--
-- Dumping data for table `paymentstoorders`
--

LOCK TABLES `paymentstoorders` WRITE;
/*!40000 ALTER TABLE `paymentstoorders` DISABLE KEYS */;
INSERT INTO `paymentstoorders` VALUES
(1,53,7,936.00),
(2,85,8,1568.00),
(3,64,9,6825.00),
(4,62,10,1863.00),
(5,72,11,69.00),
(6,74,12,2457.00),
(7,96,13,46.00),
(8,73,14,5250.00),
(9,55,15,97.00),
(10,52,16,402.00),
(11,87,17,1596.00),
(12,80,18,82.00),
(13,65,19,130.00),
(14,90,20,175.00),
(15,80,21,142.00),
(16,92,22,8880.00),
(17,69,23,65.00),
(18,57,24,166.00),
(19,74,25,167.00),
(20,75,26,133.00),
(21,71,27,1872.00),
(22,84,28,43.00),
(23,92,29,172.00),
(24,72,30,10290.00),
(25,91,31,1710.00),
(26,79,32,6678.00),
(27,94,33,2838.00),
(28,51,34,456.00),
(29,58,35,9956.00),
(30,78,36,2016.00),
(31,69,37,4272.00),
(32,61,38,1173.00),
(33,73,39,4862.00),
(34,55,40,31.00),
(35,95,41,2784.00),
(36,86,42,444.00),
(37,70,43,178.00),
(38,68,44,124.00),
(39,77,45,3465.00),
(40,78,46,54.00),
(41,76,47,85.00),
(42,100,48,175.00),
(43,89,49,123.00),
(44,60,50,3416.00),
(45,97,51,86.00),
(46,81,52,3185.00),
(47,88,53,131.00),
(48,54,54,3380.00),
(49,67,55,160.00),
(50,67,56,732.00),
(51,59,57,176.00),
(52,84,58,2128.00),
(53,98,59,150.00),
(54,63,60,144.00),
(55,66,61,175.00),
(56,99,62,2759.00),
(57,93,63,176.00),
(58,56,64,3542.00),
(59,83,65,123.00),
(60,82,66,50.00),
(61,53,67,3976.00),
(62,85,68,142.00),
(63,64,69,8664.00),
(64,62,70,99.00),
(65,72,71,1296.00),
(66,74,72,2750.00),
(67,96,73,909.00),
(68,73,74,171.00),
(69,55,75,96.00),
(70,52,76,7497.00),
(71,87,77,52.00),
(72,80,78,4550.00),
(73,65,79,1313.00),
(74,90,80,5934.00),
(75,80,81,3339.00),
(76,92,82,2394.00),
(77,69,83,152.00),
(78,57,84,2714.00),
(79,74,85,178.00),
(80,75,86,3444.00),
(81,71,87,4896.00),
(82,84,88,5740.00),
(83,92,89,67.00),
(84,72,90,756.00),
(85,91,91,4440.00),
(86,79,92,92.00),
(87,94,93,418.00),
(88,51,94,480.00),
(89,58,95,9042.00),
(90,78,96,73.00),
(91,69,97,324.00),
(92,61,98,7216.00),
(93,73,99,168.00),
(94,55,100,6050.00),
(95,95,101,36.00),
(96,86,102,4275.00),
(97,70,103,81.00),
(98,68,104,118.00),
(99,77,105,1452.00),
(100,78,106,8160.00),
(101,76,107,720.00),
(102,100,108,3525.00),
(103,89,109,82.00),
(104,60,110,2775.00),
(105,97,111,125.00),
(106,81,112,1834.00),
(107,88,113,3021.00),
(108,54,114,320.00),
(109,67,115,124.00),
(110,67,116,840.00),
(111,59,117,174.00),
(112,84,118,110.00),
(113,98,119,160.00),
(114,63,120,5966.00),
(115,66,121,2970.00),
(116,99,122,95.00),
(117,93,123,40.00),
(118,56,124,126.00),
(119,83,125,159.00),
(120,82,126,4520.00),
(121,53,127,144.00),
(122,85,128,1911.00),
(123,64,129,1962.00),
(124,62,130,10080.00),
(125,72,131,43.00),
(126,74,132,7128.00),
(127,96,133,2460.00),
(128,73,134,372.00),
(129,55,135,36.00),
(130,52,136,59.00),
(131,87,137,60.00),
(132,80,138,145.00),
(133,65,139,5664.00),
(134,90,140,1792.00),
(135,80,141,2160.00),
(136,92,142,79.00),
(137,69,143,1620.00),
(138,57,144,6696.00),
(139,74,145,4240.00),
(140,75,146,660.00),
(141,71,147,4802.00),
(142,84,148,624.00),
(143,92,149,3115.00),
(144,72,150,600.00),
(145,91,151,7228.00),
(146,79,152,6560.00),
(147,94,153,2772.00),
(148,51,154,126.00),
(149,58,155,174.00),
(150,78,156,3009.00),
(151,69,157,5848.00),
(152,61,158,3699.00),
(153,73,159,46.00),
(154,55,160,42.00),
(155,95,161,4620.00),
(156,86,162,138.00),
(157,70,163,82.00),
(158,68,164,56.00),
(159,77,165,4141.00),
(160,78,166,425.00),
(161,76,167,4264.00),
(162,100,168,8040.00),
(163,89,169,2812.00),
(164,60,170,153.00),
(165,97,171,50.00),
(166,81,172,140.00),
(167,88,173,142.00),
(168,54,174,860.00),
(169,67,175,94.00),
(170,67,176,164.00),
(171,59,177,88.00),
(172,84,178,1474.00),
(173,98,179,5310.00),
(174,63,180,700.00),
(175,66,181,1152.00),
(176,99,182,2449.00),
(177,93,183,101.00),
(178,56,184,99.00),
(179,83,185,1353.00),
(180,82,186,158.00),
(181,53,187,2240.00),
(182,85,188,155.00),
(183,64,189,6816.00),
(184,62,190,152.00),
(185,72,191,1372.00),
(186,74,192,1185.00),
(187,96,193,99.00),
(188,73,194,6517.00),
(189,55,195,2970.00),
(190,52,196,141.00),
(191,87,197,122.00),
(192,80,198,84.00),
(193,65,199,171.00),
(194,90,200,85.00),
(195,80,201,3910.00),
(196,92,202,61.00),
(197,69,203,2006.00),
(198,57,204,1048.00),
(199,74,205,146.00),
(200,75,206,2405.00);
/*!40000 ALTER TABLE `paymentstoorders` ENABLE KEYS */;
UNLOCK TABLES;

--
-- Table structure for table `persons`
--

DROP TABLE IF EXISTS `persons`;
/*!40101 SET @saved_cs_client     = @@character_set_client */;
/*!40101 SET character_set_client = utf8mb4 */;
CREATE TABLE `persons` (
  `PersonID` int NOT NULL,
  `FirstName` varchar(50) NOT NULL,
  `MiddleInitial` char(1) DEFAULT NULL,
  `LastName` varchar(50) NOT NULL,
  `Suffix` varchar(10) DEFAULT NULL,
  PRIMARY KEY (`PersonID`),
  CONSTRAINT `Persons_PersonID_Parties_PartyID` FOREIGN KEY (`PersonID`) REFERENCES `parties` (`PartyID`)
) ENGINE=InnoDB DEFAULT CHARSET=utf8mb4 COLLATE=utf8mb4_0900_ai_ci;
/*!40101 SET character_set_client = @saved_cs_client */;

--
-- Dumping data for table `persons`
--

LOCK TABLES `persons` WRITE;
/*!40000 ALTER TABLE `persons` DISABLE KEYS */;
INSERT INTO `persons` VALUES
(6,'James',NULL,'Smith','Jr.'),
(7,'Mary','B','Johnson','Sr.'),
(8,'Robert','C','Brown','III'),
(9,'Patricia','D','Williams','IV'),
(10,'John',NULL,'Jones',NULL),
(11,'Jennifer','F','Garcia',NULL),
(12,'Michael','G','Miller',NULL),
(13,'Linda','H','Davis',NULL),
(14,'William',NULL,'Rodriguez',NULL),
(15,'Elizabeth','J','Martinez',NULL),
(16,'David','K','Hernandez','Jr.'),
(17,'Barbara','L','Lopez','Sr.'),
(18,'Richard',NULL,'Gonzalez','III'),
(19,'Susan','N','Wilson','IV'),
(20,'Joseph','O','Anderson',NULL),
(21,'Jessica','P','Thomas',NULL),
(22,'Thomas',NULL,'Taylor',NULL),
(23,'Sarah','R','Moore',NULL),
(24,'Charles','S','Jackson',NULL),
(25,'Karen','T','Martin',NULL),
(26,'James',NULL,'Smith','Jr.'),
(27,'Mary','V','Johnson','Sr.'),
(28,'Robert','W','Brown','III'),
(29,'Patricia','X','Williams','IV'),
(30,'John',NULL,'Jones',NULL),
(31,'Jennifer','Z','Garcia',NULL),
(32,'Michael','A','Miller',NULL),
(33,'Linda','B','Davis',NULL),
(34,'William',NULL,'Rodriguez',NULL),
(35,'Elizabeth','D','Martinez',NULL),
(36,'David','E','Hernandez','Jr.'),
(37,'Barbara','F','Lopez','Sr.'),
(38,'Richard',NULL,'Gonzalez','III'),
(39,'Susan','H','Wilson','IV'),
(40,'Joseph','I','Anderson',NULL),
(41,'Jessica','J','Thomas',NULL),
(42,'Thomas',NULL,'Taylor',NULL),
(43,'Sarah','L','Moore',NULL),
(44,'Charles','M','Jackson',NULL),
(45,'Karen','N','Martin',NULL),
(46,'James',NULL,'Smith','Jr.'),
(47,'Mary','P','Johnson','Sr.'),
(48,'Robert','Q','Brown','III'),
(49,'Patricia','R','Williams','IV'),
(50,'John',NULL,'Jones',NULL),
(51,'Jennifer','T','Garcia',NULL),
(52,'Michael','U','Miller',NULL),
(53,'Linda','V','Davis',NULL),
(54,'William',NULL,'Rodriguez',NULL),
(55,'Elizabeth','X','Martinez',NULL),
(56,'David','Y','Hernandez','Jr.'),
(57,'Barbara','Z','Lopez','Sr.'),
(58,'Richard',NULL,'Gonzalez','III'),
(59,'Susan','B','Wilson','IV'),
(60,'Joseph','C','Anderson',NULL),
(61,'Jessica','D','Thomas',NULL),
(62,'Thomas',NULL,'Taylor',NULL),
(63,'Sarah','F','Moore',NULL),
(64,'Charles','G','Jackson',NULL),
(65,'Karen','H','Martin',NULL),
(66,'James',NULL,'Smith','Jr.'),
(67,'Mary','J','Johnson','Sr.'),
(68,'Robert','K','Brown','III'),
(69,'Patricia','L','Williams','IV'),
(70,'John',NULL,'Jones',NULL),
(71,'Jennifer','N','Garcia',NULL),
(72,'Michael','O','Miller',NULL),
(73,'Linda','P','Davis',NULL),
(74,'William',NULL,'Rodriguez',NULL),
(75,'Elizabeth','R','Martinez',NULL),
(76,'David','S','Hernandez','Jr.'),
(77,'Barbara','T','Lopez','Sr.'),
(78,'Richard',NULL,'Gonzalez','III'),
(79,'Susan','V','Wilson','IV'),
(80,'Joseph','W','Anderson',NULL),
(81,'Jessica','X','Thomas',NULL),
(82,'Thomas',NULL,'Taylor',NULL),
(83,'Sarah','Z','Moore',NULL),
(84,'Charles','A','Jackson',NULL),
(85,'Karen','B','Martin',NULL),
(86,'James',NULL,'Smith','Jr.'),
(87,'Mary','D','Johnson','Sr.'),
(88,'Robert','E','Brown','III'),
(89,'Patricia','F','Williams','IV'),
(90,'John',NULL,'Jones',NULL),
(91,'Jennifer','H','Garcia',NULL),
(92,'Michael','I','Miller',NULL),
(93,'Linda','J','Davis',NULL),
(94,'William',NULL,'Rodriguez',NULL),
(95,'Elizabeth','L','Martinez',NULL),
(96,'David','M','Hernandez','Jr.'),
(97,'Barbara','N','Lopez','Sr.'),
(98,'Richard',NULL,'Gonzalez','III'),
(99,'Susan','P','Wilson','IV'),
(100,'Joseph','Q','Anderson',NULL),
(101,'Jessica','R','Thomas',NULL),
(102,'Thomas',NULL,'Taylor',NULL),
(103,'Sarah','T','Moore',NULL),
(104,'Charles','U','Jackson',NULL),
(105,'Karen','V','Martin',NULL),
(210,'adam',NULL,'driver',NULL),
(213,'joe',NULL,'smith',NULL),
(220,'bob',NULL,'anderson',NULL),
(223,'billy','r','donald','jr');
/*!40000 ALTER TABLE `persons` ENABLE KEYS */;
UNLOCK TABLES;

--
-- Table structure for table `phones`
--

DROP TABLE IF EXISTS `phones`;
/*!40101 SET @saved_cs_client     = @@character_set_client */;
/*!40101 SET character_set_client = utf8mb4 */;
CREATE TABLE `phones` (
  `PhoneID` int NOT NULL AUTO_INCREMENT,
  `PartyID` int NOT NULL,
  `PhoneType` char(1) NOT NULL,
  `CountryCode` varchar(5) DEFAULT NULL,
  `PhoneNumber` char(10) NOT NULL,
  PRIMARY KEY (`PhoneID`),
  KEY `Phones_PartyID_Parties_PartyID` (`PartyID`),
  CONSTRAINT `Phones_PartyID_Parties_PartyID` FOREIGN KEY (`PartyID`) REFERENCES `parties` (`PartyID`)
) ENGINE=InnoDB AUTO_INCREMENT=196 DEFAULT CHARSET=utf8mb4 COLLATE=utf8mb4_0900_ai_ci;
/*!40101 SET character_set_client = @saved_cs_client */;

--
-- Dumping data for table `phones`
--

LOCK TABLES `phones` WRITE;
/*!40000 ALTER TABLE `phones` DISABLE KEYS */;
INSERT INTO `phones` VALUES
(5,28,'B','+1','0365112072'),
(10,196,'B','+1','1786744990'),
(13,82,'B',NULL,'2004331799'),
(18,133,'B','+1','2046815776'),
(19,172,'H','+1','1890440724'),
(20,25,'H',NULL,'0986261127'),
(23,199,'H','+1','0888371503'),
(24,173,'B','+1','2119698574'),
(25,180,'B',NULL,'0292932643'),
(28,190,'B','+1','1594481101'),
(37,144,'H','+1','0004043971'),
(41,154,'B','+1','0700971857'),
(42,159,'B','+1','1361891759'),
(47,100,'B','+1','1135097175'),
(49,80,'H','+1','1654604356'),
(62,158,'B','+1','0827974076'),
(70,131,'M','+1','1393080553'),
(72,74,'B','+1','1297173472'),
(75,67,'B','+1','1730465422'),
(82,189,'B','+1','0802685002'),
(94,151,'H','+1','0795320304'),
(95,110,'B','+1','0775417708'),
(96,24,'M','+1','1261836704'),
(101,141,'B','+1','1431936472'),
(106,18,'B','+1','1840659013'),
(108,70,'M','+1','1096280218'),
(112,5,'L','+1','1074261570'),
(113,6,'B','+1','1247799137'),
(115,138,'B','+1','0791352745'),
(118,136,'M','+1','1662865146'),
(120,125,'B','+1','1107491905'),
(121,166,'B','+1','0933998451'),
(124,146,'H',NULL,'0968108366'),
(127,95,'H','+1','1147997144'),
(129,177,'H','+1','0236144357'),
(136,75,'H',NULL,'1977150786'),
(138,156,'B',NULL,'1188887536'),
(147,142,'H','+1','0380374438'),
(151,119,'B','+1','0865298037'),
(170,71,'H','+1','1292169576'),
(172,191,'H','+1','0701553435'),
(175,38,'M',NULL,'1301550039'),
(176,48,'B','+1','1087477014'),
(179,8,'B','+1','2127433296'),
(180,195,'B','+1','0255362236'),
(186,161,'H','+1','0062107616'),
(187,181,'H','+1','1882200736'),
(190,97,'B','+1','1705704121'),
(191,183,'B','+1','1801188221'),
(192,16,'B','+1','1392172815'),
(193,213,'H','1','1234567890'),
(194,220,'H','1','0987654321'),
(195,223,'H','1','5556789999');
/*!40000 ALTER TABLE `phones` ENABLE KEYS */;
UNLOCK TABLES;

--
-- Table structure for table `rentalorders`
--

DROP TABLE IF EXISTS `rentalorders`;
/*!40101 SET @saved_cs_client     = @@character_set_client */;
/*!40101 SET character_set_client = utf8mb4 */;
CREATE TABLE `rentalorders` (
  `OrderID` int NOT NULL,
  `CustomerID` int NOT NULL,
  `RentalID` int NOT NULL,
  `SubTotal` decimal(10,2) DEFAULT NULL,
  `DiscountID` int DEFAULT NULL,
  `Tax` decimal(6,2) DEFAULT NULL,
  `TotalDue` decimal(10,2) DEFAULT NULL,
  `OrderStatus` char(1) NOT NULL,
  `DateModified` datetime(6) NOT NULL,
  `DueDate` datetime(6) NOT NULL,
  `PaymentDate` datetime(6) NOT NULL,
  PRIMARY KEY (`OrderID`),
  KEY `RentalOrders_CustomerID_Customers_CustomerID` (`CustomerID`),
  KEY `RentalOrders_RentalID_Rentals_RentalID` (`RentalID`),
  KEY `RentalOrders_DiscountID_Discounts_DiscountID` (`DiscountID`),
  CONSTRAINT `RentalOrders_CustomerID_Customers_CustomerID` FOREIGN KEY (`CustomerID`) REFERENCES `customers` (`CustomerID`),
  CONSTRAINT `RentalOrders_DiscountID_Discounts_DiscountID` FOREIGN KEY (`DiscountID`) REFERENCES `discounts` (`DiscountID`),
  CONSTRAINT `RentalOrders_RentalID_Rentals_RentalID` FOREIGN KEY (`RentalID`) REFERENCES `rentals` (`RentalID`)
) ENGINE=InnoDB DEFAULT CHARSET=utf8mb4 COLLATE=utf8mb4_0900_ai_ci;
/*!40101 SET character_set_client = @saved_cs_client */;

--
-- Dumping data for table `rentalorders`
--

LOCK TABLES `rentalorders` WRITE;
/*!40000 ALTER TABLE `rentalorders` DISABLE KEYS */;
INSERT INTO `rentalorders` VALUES
(7,58,210,936.00,NULL,74.88,861.12,'O','2025-11-11 10:51:43.260000','2025-11-26 00:00:00.000000','2025-11-27 00:00:00.000000'),
(8,90,81,1568.00,NULL,125.44,1442.56,'O','2025-11-11 10:51:43.260000','2025-12-11 00:00:00.000000','2025-12-18 00:00:00.000000'),
(9,69,88,6825.00,NULL,546.00,6279.00,'P','2025-11-11 10:51:43.260000','2025-12-18 00:00:00.000000','2025-11-15 10:51:43.260000'),
(10,67,54,1863.00,NULL,149.04,1713.96,'O','2025-11-11 10:51:43.260000','2025-12-08 00:00:00.000000','2026-01-07 00:00:00.000000'),
(11,77,160,69.00,NULL,5.52,63.48,'P','2025-11-11 10:51:43.260000','2025-11-27 00:00:00.000000','2025-12-12 00:00:00.000000'),
(12,79,29,2457.00,1022,196.56,2063.88,'O','2025-11-11 10:51:43.260000','2025-12-16 00:00:00.000000','2026-01-01 00:00:00.000000'),
(13,101,187,46.00,NULL,3.68,42.32,'O','2025-11-11 10:51:43.260000','2025-10-18 00:00:00.000000','2025-11-12 10:51:43.260000'),
(14,78,102,5250.00,NULL,420.00,4830.00,'O','2025-11-11 10:51:43.260000','2025-12-15 00:00:00.000000','2025-12-16 00:00:00.000000'),
(15,60,77,97.00,NULL,7.76,89.24,'O','2025-11-11 10:51:43.260000','2025-10-29 00:00:00.000000','2025-10-31 00:00:00.000000'),
(16,57,143,402.00,NULL,32.16,369.84,'P','2025-11-11 10:51:43.260000','2025-10-24 00:00:00.000000','2025-11-17 00:00:00.000000'),
(17,92,67,1596.00,NULL,127.68,1468.32,'O','2025-11-11 10:51:43.260000','2025-12-07 00:00:00.000000','2025-12-28 00:00:00.000000'),
(18,85,113,82.00,NULL,6.56,75.44,'O','2025-11-11 10:51:43.260000','2025-10-31 00:00:00.000000','2025-11-15 10:51:43.260000'),
(19,70,83,130.00,NULL,10.40,119.60,'O','2025-11-11 10:51:43.260000','2025-11-15 00:00:00.000000','2025-11-13 10:51:43.260000'),
(20,95,198,175.00,NULL,14.00,161.00,'O','2025-11-11 10:51:43.260000','2025-11-16 00:00:00.000000','2025-12-07 00:00:00.000000'),
(21,85,197,142.00,NULL,11.36,130.64,'P','2025-11-11 10:51:43.260000','2025-11-06 00:00:00.000000','2025-11-09 00:00:00.000000'),
(22,97,30,8880.00,NULL,710.40,8169.60,'O','2025-11-11 10:51:43.260000','2025-12-14 00:00:00.000000','2025-12-17 00:00:00.000000'),
(23,74,180,65.00,NULL,5.20,59.80,'O','2025-11-11 10:51:43.260000','2025-11-15 00:00:00.000000','2025-12-03 00:00:00.000000'),
(24,62,28,166.00,NULL,13.28,152.72,'O','2025-11-11 10:51:43.260000','2025-10-28 00:00:00.000000','2025-11-21 00:00:00.000000'),
(25,79,150,167.00,NULL,13.36,153.64,'O','2025-11-11 10:51:43.260000','2025-10-16 00:00:00.000000','2025-10-23 00:00:00.000000'),
(26,80,170,133.00,NULL,10.64,122.36,'O','2025-11-11 10:51:43.260000','2025-12-03 00:00:00.000000','2025-12-04 00:00:00.000000'),
(27,76,50,1872.00,NULL,149.76,1722.24,'O','2025-11-11 10:51:43.260000','2025-12-13 00:00:00.000000','2025-12-15 00:00:00.000000'),
(28,89,93,43.00,NULL,3.44,39.56,'P','2025-11-11 10:51:43.260000','2025-11-24 00:00:00.000000','2025-12-08 00:00:00.000000'),
(29,97,156,172.00,NULL,13.76,158.24,'O','2025-11-11 10:51:43.260000','2025-12-10 00:00:00.000000','2025-12-20 00:00:00.000000'),
(30,77,84,10290.00,NULL,823.20,9466.80,'O','2025-11-11 10:51:43.260000','2025-12-28 00:00:00.000000','2026-01-06 00:00:00.000000'),
(31,96,161,1710.00,NULL,136.80,1573.20,'O','2025-11-11 10:51:43.260000','2025-10-31 00:00:00.000000','2025-11-20 00:00:00.000000'),
(32,84,17,6678.00,NULL,534.24,6143.76,'O','2025-11-11 10:51:43.260000','2025-12-11 00:00:00.000000','2025-12-31 00:00:00.000000'),
(33,99,200,2838.00,NULL,227.04,2610.96,'P','2025-11-11 10:51:43.260000','2025-12-01 00:00:00.000000','2025-12-17 00:00:00.000000'),
(34,56,181,456.00,NULL,36.48,419.52,'O','2025-11-11 10:51:43.260000','2025-11-24 00:00:00.000000','2025-12-04 00:00:00.000000'),
(35,63,99,9956.00,NULL,796.48,9159.52,'O','2025-11-11 10:51:43.260000','2026-01-04 00:00:00.000000','2026-01-21 00:00:00.000000'),
(36,83,87,2016.00,NULL,161.28,1854.72,'O','2025-11-11 10:51:43.260000','2025-12-12 00:00:00.000000','2026-01-07 00:00:00.000000'),
(37,74,103,4272.00,NULL,341.76,3930.24,'O','2025-11-11 10:51:43.260000','2025-12-23 00:00:00.000000','2026-01-07 00:00:00.000000'),
(38,66,177,1173.00,NULL,93.84,1079.16,'P','2025-11-11 10:51:43.260000','2025-12-17 00:00:00.000000','2025-11-13 10:51:43.260000'),
(39,78,48,4862.00,NULL,388.96,4473.04,'O','2025-11-11 10:51:43.260000','2025-12-09 00:00:00.000000','2026-01-04 00:00:00.000000'),
(40,60,25,31.00,NULL,2.48,28.52,'O','2025-11-11 10:51:43.260000','2025-11-14 00:00:00.000000','2025-11-15 00:00:00.000000'),
(41,100,122,2784.00,NULL,222.72,2561.28,'P','2025-11-11 10:51:43.260000','2025-11-12 00:00:00.000000','2025-11-17 00:00:00.000000'),
(42,91,72,444.00,NULL,35.52,408.48,'O','2025-11-11 10:51:43.260000','2025-12-11 00:00:00.000000','2025-12-16 00:00:00.000000'),
(43,75,104,178.00,NULL,14.24,163.76,'O','2025-11-11 10:51:43.260000','2025-10-28 00:00:00.000000','2025-11-03 00:00:00.000000'),
(44,73,129,124.00,NULL,9.92,114.08,'O','2025-11-11 10:51:43.260000','2025-10-31 00:00:00.000000','2025-11-04 00:00:00.000000'),
(45,82,112,3465.00,NULL,277.20,3187.80,'O','2025-11-11 10:51:43.260000','2025-12-25 00:00:00.000000','2026-01-04 00:00:00.000000'),
(46,83,16,54.00,NULL,4.32,49.68,'O','2025-11-11 10:51:43.260000','2025-12-12 00:00:00.000000','2025-12-28 00:00:00.000000'),
(47,81,184,85.00,NULL,6.80,78.20,'O','2025-11-11 10:51:43.260000','2025-12-09 00:00:00.000000','2025-12-23 00:00:00.000000'),
(48,105,166,175.00,NULL,14.00,161.00,'P','2025-11-11 10:51:43.260000','2025-10-30 00:00:00.000000','2025-11-27 00:00:00.000000'),
(49,94,69,123.00,NULL,9.84,113.16,'D','2025-11-11 10:51:43.260000','2025-11-25 00:00:00.000000','2025-12-01 00:00:00.000000'),
(50,65,206,3416.00,NULL,273.28,3142.72,'O','2025-11-11 10:51:43.260000','2025-12-31 00:00:00.000000','2026-01-22 00:00:00.000000'),
(51,102,201,86.00,1018,6.88,79.12,'O','2025-11-11 10:51:43.260000','2025-11-19 00:00:00.000000','2025-12-09 00:00:00.000000'),
(52,86,64,3185.00,NULL,254.80,2930.20,'O','2025-11-11 10:51:43.260000','2025-12-01 00:00:00.000000','2025-12-20 00:00:00.000000'),
(53,93,60,131.00,NULL,10.48,120.52,'O','2025-11-11 10:51:43.260000','2025-11-18 00:00:00.000000','2025-11-11 10:51:43.260000'),
(54,59,34,3380.00,NULL,270.40,3109.60,'O','2025-11-11 10:51:43.260000','2025-11-26 00:00:00.000000','2025-12-04 00:00:00.000000'),
(55,72,185,160.00,NULL,12.80,147.20,'O','2025-11-11 10:51:43.260000','2025-11-28 00:00:00.000000','2025-12-04 00:00:00.000000'),
(56,72,105,732.00,NULL,58.56,673.44,'O','2025-11-11 10:51:43.260000','2025-11-27 00:00:00.000000','2025-12-06 00:00:00.000000'),
(57,64,101,176.00,NULL,14.08,161.92,'D','2025-11-11 10:51:43.260000','2025-11-01 00:00:00.000000','2025-11-08 00:00:00.000000'),
(58,89,194,2128.00,NULL,170.24,1957.76,'O','2025-11-11 10:51:43.260000','2025-11-03 00:00:00.000000','2025-11-16 00:00:00.000000'),
(59,103,199,150.00,1030,12.00,138.00,'O','2025-11-11 10:51:43.260000','2025-10-21 00:00:00.000000','2025-11-14 10:51:43.260000'),
(60,68,35,144.00,NULL,11.52,132.48,'O','2025-11-11 10:51:43.260000','2025-11-03 00:00:00.000000','2025-11-04 00:00:00.000000'),
(61,71,123,175.00,NULL,14.00,161.00,'D','2025-11-11 10:51:43.260000','2025-11-30 00:00:00.000000','2025-12-12 00:00:00.000000'),
(62,104,165,2759.00,NULL,220.72,2538.28,'O','2025-11-11 10:51:43.260000','2025-12-16 00:00:00.000000','2025-12-28 00:00:00.000000'),
(63,98,115,176.00,NULL,14.08,161.92,'O','2025-11-11 10:51:43.260000','2025-10-14 00:00:00.000000','2025-10-28 00:00:00.000000'),
(64,61,27,3542.00,NULL,283.36,3258.64,'P','2025-11-11 10:51:43.260000','2025-12-29 00:00:00.000000','2026-01-19 00:00:00.000000'),
(65,88,157,123.00,NULL,9.84,113.16,'O','2025-11-11 10:51:43.260000','2025-11-09 00:00:00.000000','2025-12-02 00:00:00.000000'),
(66,87,167,50.00,NULL,4.00,46.00,'O','2025-11-11 10:51:43.260000','2025-11-08 00:00:00.000000','2025-11-13 10:51:43.260000'),
(67,58,171,3976.00,NULL,318.08,3657.92,'O','2025-11-11 10:51:43.260000','2025-11-13 00:00:00.000000','2025-11-21 00:00:00.000000'),
(68,90,124,142.00,NULL,11.36,130.64,'O','2025-11-11 10:51:43.260000','2025-11-24 00:00:00.000000','2025-12-24 00:00:00.000000'),
(69,69,108,8664.00,NULL,693.12,7970.88,'D','2025-11-11 10:51:43.260000','2025-12-18 00:00:00.000000','2025-12-21 00:00:00.000000'),
(70,67,136,99.00,NULL,7.92,91.08,'O','2025-11-11 10:51:43.260000','2025-12-02 00:00:00.000000','2025-12-19 00:00:00.000000'),
(71,77,142,1296.00,NULL,103.68,1192.32,'O','2025-11-11 10:51:43.260000','2025-11-25 00:00:00.000000','2025-12-04 00:00:00.000000'),
(72,79,149,2750.00,NULL,220.00,2530.00,'P','2025-11-11 10:51:43.260000','2026-01-05 00:00:00.000000','2026-02-01 00:00:00.000000'),
(73,101,131,909.00,NULL,72.72,836.28,'O','2025-11-11 10:51:43.260000','2025-11-13 00:00:00.000000','2025-12-13 00:00:00.000000'),
(74,78,57,171.00,1029,13.68,118.32,'O','2025-11-11 10:51:43.260000','2025-10-15 00:00:00.000000','2025-11-15 10:51:43.260000'),
(75,60,168,96.00,NULL,7.68,88.32,'O','2025-11-11 10:51:43.260000','2025-11-01 00:00:00.000000','2025-11-25 00:00:00.000000'),
(76,57,78,7497.00,NULL,599.76,6897.24,'D','2025-11-11 10:51:43.260000','2025-12-25 00:00:00.000000','2026-01-20 00:00:00.000000'),
(77,92,76,52.00,NULL,4.16,47.84,'O','2025-11-11 10:51:43.260000','2025-12-09 00:00:00.000000','2025-12-24 00:00:00.000000'),
(78,85,140,4550.00,NULL,364.00,4186.00,'O','2025-11-11 10:51:43.260000','2025-12-16 00:00:00.000000','2026-01-06 00:00:00.000000'),
(79,70,191,1313.00,NULL,105.04,1207.96,'O','2025-11-11 10:51:43.260000','2025-12-11 00:00:00.000000','2025-12-16 00:00:00.000000'),
(80,95,51,5934.00,NULL,474.72,5459.28,'O','2025-11-11 10:51:43.260000','2025-12-01 00:00:00.000000','2025-12-20 00:00:00.000000'),
(81,85,94,3339.00,NULL,267.12,3071.88,'O','2025-11-11 10:51:43.260000','2025-11-29 00:00:00.000000','2025-12-07 00:00:00.000000'),
(82,97,65,2394.00,NULL,191.52,2202.48,'O','2025-11-11 10:51:43.260000','2025-12-01 00:00:00.000000','2025-11-12 10:51:43.260000'),
(83,74,208,152.00,NULL,12.16,139.84,'O','2025-11-11 10:51:43.260000','2025-11-02 00:00:00.000000','2025-11-08 00:00:00.000000'),
(84,62,15,2714.00,NULL,217.12,2496.88,'O','2025-11-11 10:51:43.260000','2025-12-28 00:00:00.000000','2025-11-13 10:51:43.260000'),
(85,79,37,178.00,NULL,14.24,163.76,'O','2025-11-11 10:51:43.260000','2025-11-16 00:00:00.000000','2025-11-12 10:51:43.260000'),
(86,80,39,3444.00,1010,275.52,1859.76,'O','2025-11-11 10:51:43.260000','2026-01-07 00:00:00.000000','2026-01-24 00:00:00.000000'),
(87,76,186,4896.00,NULL,391.68,4504.32,'O','2025-11-11 10:51:43.260000','2025-12-27 00:00:00.000000','2026-01-03 00:00:00.000000'),
(88,89,202,5740.00,NULL,459.20,5280.80,'O','2025-11-11 10:51:43.260000','2025-12-07 00:00:00.000000','2025-12-16 00:00:00.000000'),
(89,97,126,67.00,NULL,5.36,61.64,'O','2025-11-11 10:51:43.260000','2025-11-06 00:00:00.000000','2025-11-14 10:51:43.260000'),
(90,77,56,756.00,NULL,60.48,695.52,'O','2025-11-11 10:51:43.260000','2025-11-22 00:00:00.000000','2025-12-12 00:00:00.000000'),
(91,96,12,4440.00,NULL,355.20,4084.80,'O','2025-11-11 10:51:43.260000','2025-12-23 00:00:00.000000','2026-01-09 00:00:00.000000'),
(92,84,178,92.00,NULL,7.36,84.64,'D','2025-11-11 10:51:43.260000','2025-10-25 00:00:00.000000','2025-10-30 00:00:00.000000'),
(93,99,189,418.00,NULL,33.44,384.56,'O','2025-11-11 10:51:43.260000','2025-12-18 00:00:00.000000','2026-01-05 00:00:00.000000'),
(94,56,46,480.00,NULL,38.40,441.60,'P','2025-11-11 10:51:43.260000','2025-11-09 00:00:00.000000','2025-11-20 00:00:00.000000'),
(95,63,174,9042.00,NULL,723.36,8318.64,'O','2025-11-11 10:51:43.260000','2025-12-20 00:00:00.000000','2026-01-17 00:00:00.000000'),
(96,83,80,73.00,NULL,5.84,67.16,'O','2025-11-11 10:51:43.260000','2025-11-03 00:00:00.000000','2025-11-22 00:00:00.000000'),
(97,74,138,324.00,NULL,25.92,298.08,'O','2025-11-11 10:51:43.260000','2025-11-07 00:00:00.000000','2025-11-18 00:00:00.000000'),
(98,66,190,7216.00,NULL,577.28,6638.72,'P','2025-11-11 10:51:43.260000','2025-12-18 00:00:00.000000','2025-12-30 00:00:00.000000'),
(99,78,192,168.00,NULL,13.44,154.56,'O','2025-11-11 10:51:43.260000','2025-11-05 00:00:00.000000','2025-12-01 00:00:00.000000'),
(100,60,68,6050.00,NULL,484.00,5566.00,'O','2025-11-11 10:51:43.260000','2025-12-19 00:00:00.000000','2026-01-18 00:00:00.000000'),
(101,100,188,36.00,NULL,2.88,33.12,'O','2025-11-11 10:51:43.260000','2025-10-16 00:00:00.000000','2025-11-14 00:00:00.000000'),
(102,91,209,4275.00,NULL,342.00,3933.00,'O','2025-11-11 10:51:43.260000','2025-11-30 00:00:00.000000','2025-11-15 10:51:43.260000'),
(103,75,106,81.00,NULL,6.48,74.52,'O','2025-11-11 10:51:43.260000','2025-11-05 00:00:00.000000','2025-12-04 00:00:00.000000'),
(104,73,134,118.00,NULL,9.44,108.56,'O','2025-11-11 10:51:43.260000','2025-11-09 00:00:00.000000','2025-12-04 00:00:00.000000'),
(105,82,164,1452.00,1016,116.16,1103.52,'D','2025-11-11 10:51:43.260000','2025-11-14 00:00:00.000000','2025-12-07 00:00:00.000000'),
(106,83,147,8160.00,NULL,652.80,7507.20,'D','2025-11-11 10:51:43.260000','2025-12-19 00:00:00.000000','2026-01-11 00:00:00.000000'),
(107,81,144,720.00,NULL,57.60,662.40,'O','2025-11-11 10:51:43.260000','2025-12-16 00:00:00.000000','2026-01-05 00:00:00.000000'),
(108,105,132,3525.00,NULL,282.00,3243.00,'D','2025-11-11 10:51:43.260000','2025-12-26 00:00:00.000000','2026-01-11 00:00:00.000000'),
(109,94,13,82.00,NULL,6.56,75.44,'O','2025-11-11 10:51:43.260000','2025-11-07 00:00:00.000000','2025-11-15 00:00:00.000000'),
(110,65,100,2775.00,1037,222.00,1221.00,'O','2025-11-11 10:51:43.260000','2025-11-22 00:00:00.000000','2025-11-11 10:51:43.260000'),
(111,102,33,125.00,NULL,10.00,115.00,'O','2025-11-11 10:51:43.260000','2025-10-20 00:00:00.000000','2025-11-17 00:00:00.000000'),
(112,86,211,1834.00,NULL,146.72,1687.28,'O','2025-11-11 10:51:43.260000','2025-10-31 00:00:00.000000','2025-11-17 00:00:00.000000'),
(113,93,14,3021.00,1039,241.68,2779.32,'O','2025-11-11 10:51:43.260000','2025-12-10 00:00:00.000000','2025-11-13 10:51:43.260000'),
(114,59,61,320.00,NULL,25.60,294.40,'O','2025-11-11 10:51:43.260000','2025-12-11 00:00:00.000000','2025-12-17 00:00:00.000000'),
(115,72,91,124.00,NULL,9.92,114.08,'O','2025-11-11 10:51:43.260000','2025-12-03 00:00:00.000000','2025-12-04 00:00:00.000000'),
(116,72,193,840.00,NULL,67.20,772.80,'O','2025-11-11 10:51:43.260000','2025-11-17 00:00:00.000000','2025-11-22 00:00:00.000000'),
(117,64,59,174.00,NULL,13.92,160.08,'O','2025-11-11 10:51:43.260000','2025-10-21 00:00:00.000000','2025-11-13 00:00:00.000000'),
(118,89,205,110.00,NULL,8.80,101.20,'O','2025-11-11 10:51:43.260000','2025-10-19 00:00:00.000000','2025-11-14 00:00:00.000000'),
(119,103,158,160.00,NULL,12.80,147.20,'O','2025-11-11 10:51:43.260000','2025-10-15 00:00:00.000000','2025-10-25 00:00:00.000000'),
(120,68,139,5966.00,NULL,477.28,5488.72,'O','2025-11-11 10:51:43.260000','2025-12-14 00:00:00.000000','2025-12-28 00:00:00.000000'),
(121,71,40,2970.00,NULL,237.60,2732.40,'O','2025-11-11 10:51:43.260000','2025-12-17 00:00:00.000000','2025-12-27 00:00:00.000000'),
(122,104,38,95.00,NULL,7.60,87.40,'O','2025-11-11 10:51:43.260000','2025-12-05 00:00:00.000000','2025-12-10 00:00:00.000000'),
(123,98,26,40.00,NULL,3.20,36.80,'O','2025-11-11 10:51:43.260000','2025-10-15 00:00:00.000000','2025-11-02 00:00:00.000000'),
(124,61,98,126.00,1029,10.08,76.92,'O','2025-11-11 10:51:43.260000','2025-11-17 00:00:00.000000','2025-12-02 00:00:00.000000'),
(125,88,163,159.00,NULL,12.72,146.28,'P','2025-11-11 10:51:43.260000','2025-11-12 00:00:00.000000','2025-11-29 00:00:00.000000'),
(126,87,146,4520.00,NULL,361.60,4158.40,'D','2025-11-11 10:51:43.260000','2025-12-06 00:00:00.000000','2026-01-04 00:00:00.000000'),
(127,58,176,144.00,NULL,11.52,132.48,'O','2025-11-11 10:51:43.260000','2025-11-09 00:00:00.000000','2025-12-05 00:00:00.000000'),
(128,90,145,1911.00,NULL,152.88,1758.12,'P','2025-11-11 10:51:43.260000','2025-12-17 00:00:00.000000','2026-01-12 00:00:00.000000'),
(129,69,42,1962.00,1003,156.96,1805.04,'O','2025-11-11 10:51:43.260000','2025-12-23 00:00:00.000000','2026-01-03 00:00:00.000000'),
(130,67,66,10080.00,1017,806.40,9245.60,'O','2025-11-11 10:51:43.260000','2025-12-19 00:00:00.000000','2026-01-04 00:00:00.000000'),
(131,77,31,43.00,NULL,3.44,39.56,'O','2025-11-11 10:51:43.260000','2025-11-25 00:00:00.000000','2025-12-24 00:00:00.000000'),
(132,79,107,7128.00,NULL,570.24,6557.76,'P','2025-11-11 10:51:43.260000','2025-12-18 00:00:00.000000','2026-01-05 00:00:00.000000'),
(133,101,118,2460.00,1050,196.80,2187.20,'O','2025-11-11 10:51:43.260000','2025-12-11 00:00:00.000000','2026-01-09 00:00:00.000000'),
(134,78,121,372.00,NULL,29.76,342.24,'O','2025-11-11 10:51:43.260000','2025-12-07 00:00:00.000000','2025-12-21 00:00:00.000000'),
(135,60,183,36.00,NULL,2.88,33.12,'P','2025-11-11 10:51:43.260000','2025-11-15 00:00:00.000000','2025-11-21 00:00:00.000000'),
(136,57,203,59.00,NULL,4.72,54.28,'O','2025-11-11 10:51:43.260000','2025-11-11 00:00:00.000000','2025-11-29 00:00:00.000000'),
(137,92,53,60.00,NULL,4.80,55.20,'O','2025-11-11 10:51:43.260000','2025-11-27 00:00:00.000000','2025-12-07 00:00:00.000000'),
(138,85,97,145.00,NULL,11.60,133.40,'O','2025-11-11 10:51:43.260000','2025-10-28 00:00:00.000000','2025-10-30 00:00:00.000000'),
(139,70,137,5664.00,NULL,453.12,5210.88,'O','2025-11-11 10:51:43.260000','2025-11-29 00:00:00.000000','2025-12-17 00:00:00.000000'),
(140,95,58,1792.00,NULL,143.36,1648.64,'P','2025-11-11 10:51:43.260000','2025-11-24 00:00:00.000000','2025-11-15 10:51:43.260000'),
(141,85,49,2160.00,NULL,172.80,1987.20,'O','2025-11-11 10:51:43.260000','2025-11-10 00:00:00.000000','2025-11-22 00:00:00.000000'),
(142,97,82,79.00,1015,6.32,72.68,'O','2025-11-11 10:51:43.260000','2025-11-18 00:00:00.000000','2025-12-01 00:00:00.000000'),
(143,74,195,1620.00,NULL,129.60,1490.40,'O','2025-11-11 10:51:43.260000','2025-11-01 00:00:00.000000','2025-11-28 00:00:00.000000'),
(144,62,109,6696.00,NULL,535.68,6160.32,'O','2025-11-11 10:51:43.260000','2025-12-10 00:00:00.000000','2025-12-26 00:00:00.000000'),
(145,79,70,4240.00,NULL,339.20,3900.80,'O','2025-11-11 10:51:43.260000','2025-12-17 00:00:00.000000','2026-01-12 00:00:00.000000'),
(146,80,71,660.00,NULL,52.80,607.20,'O','2025-11-11 10:51:43.260000','2025-11-10 00:00:00.000000','2025-11-11 00:00:00.000000'),
(147,76,196,4802.00,1032,384.16,4242.84,'O','2025-11-11 10:51:43.260000','2025-12-05 00:00:00.000000','2025-11-15 10:51:43.260000'),
(148,89,36,624.00,NULL,49.92,574.08,'O','2025-11-11 10:51:43.260000','2025-11-14 00:00:00.000000','2025-12-02 00:00:00.000000'),
(149,97,120,3115.00,NULL,249.20,2865.80,'O','2025-11-11 10:51:43.260000','2025-11-27 00:00:00.000000','2025-12-01 00:00:00.000000'),
(150,77,159,600.00,NULL,48.00,552.00,'O','2025-11-11 10:51:43.260000','2025-12-27 00:00:00.000000','2026-01-20 00:00:00.000000'),
(151,96,125,7228.00,NULL,578.24,6649.76,'O','2025-11-11 10:51:43.260000','2025-12-24 00:00:00.000000','2025-12-29 00:00:00.000000'),
(152,84,73,6560.00,NULL,524.80,6035.20,'O','2025-11-11 10:51:43.260000','2025-11-26 00:00:00.000000','2025-12-13 00:00:00.000000'),
(153,99,44,2772.00,NULL,221.76,2550.24,'O','2025-11-11 10:51:43.260000','2025-12-25 00:00:00.000000','2026-01-07 00:00:00.000000'),
(154,56,133,126.00,NULL,10.08,115.92,'D','2025-11-11 10:51:43.260000','2025-11-19 00:00:00.000000','2025-11-14 10:51:43.260000'),
(155,63,169,174.00,NULL,13.92,160.08,'O','2025-11-11 10:51:43.260000','2025-12-04 00:00:00.000000','2025-12-19 00:00:00.000000'),
(156,83,141,3009.00,NULL,240.72,2768.28,'O','2025-11-11 10:51:43.260000','2025-12-15 00:00:00.000000','2025-12-16 00:00:00.000000'),
(157,74,152,5848.00,NULL,467.84,5380.16,'O','2025-11-11 10:51:43.260000','2025-12-02 00:00:00.000000','2025-12-28 00:00:00.000000'),
(158,66,23,3699.00,NULL,295.92,3403.08,'O','2025-11-11 10:51:43.260000','2025-11-28 00:00:00.000000','2025-12-23 00:00:00.000000'),
(159,78,110,46.00,NULL,3.68,42.32,'O','2025-11-11 10:51:43.260000','2025-12-18 00:00:00.000000','2026-01-02 00:00:00.000000'),
(160,60,116,42.00,NULL,3.36,38.64,'O','2025-11-11 10:51:43.260000','2025-10-28 00:00:00.000000','2025-11-06 00:00:00.000000'),
(161,100,62,4620.00,NULL,369.60,4250.40,'O','2025-11-11 10:51:43.260000','2025-12-13 00:00:00.000000','2025-11-14 10:51:43.260000'),
(162,91,90,138.00,NULL,11.04,126.96,'O','2025-11-11 10:51:43.260000','2025-12-12 00:00:00.000000','2026-01-09 00:00:00.000000'),
(163,75,52,82.00,NULL,6.56,75.44,'O','2025-11-11 10:51:43.260000','2025-11-10 00:00:00.000000','2025-12-07 00:00:00.000000'),
(164,73,175,56.00,NULL,4.48,51.52,'O','2025-11-11 10:51:43.260000','2025-11-15 00:00:00.000000','2025-12-08 00:00:00.000000'),
(165,82,204,4141.00,NULL,331.28,3809.72,'O','2025-11-11 10:51:43.260000','2025-12-18 00:00:00.000000','2025-12-31 00:00:00.000000'),
(166,83,43,425.00,NULL,34.00,391.00,'O','2025-11-11 10:51:43.260000','2025-12-28 00:00:00.000000','2026-01-11 00:00:00.000000'),
(167,81,92,4264.00,1002,341.12,3826.88,'O','2025-11-11 10:51:43.260000','2026-01-04 00:00:00.000000','2026-01-24 00:00:00.000000'),
(168,105,95,8040.00,NULL,643.20,7396.80,'O','2025-11-11 10:51:43.260000','2025-12-29 00:00:00.000000','2026-01-24 00:00:00.000000'),
(169,94,55,2812.00,NULL,224.96,2587.04,'O','2025-11-11 10:51:43.260000','2025-12-08 00:00:00.000000','2026-01-05 00:00:00.000000'),
(170,65,86,153.00,NULL,12.24,140.76,'O','2025-11-11 10:51:43.260000','2025-11-20 00:00:00.000000','2025-12-14 00:00:00.000000'),
(171,102,74,50.00,1038,4.00,39.00,'O','2025-11-11 10:51:43.260000','2025-10-21 00:00:00.000000','2025-11-12 10:51:43.260000'),
(172,86,162,140.00,NULL,11.20,128.80,'O','2025-11-11 10:51:43.260000','2025-10-16 00:00:00.000000','2025-11-03 00:00:00.000000'),
(173,93,130,142.00,NULL,11.36,130.64,'D','2025-11-11 10:51:43.260000','2025-10-30 00:00:00.000000','2025-11-11 00:00:00.000000'),
(174,59,85,860.00,NULL,68.80,791.20,'O','2025-11-11 10:51:43.260000','2025-11-06 00:00:00.000000','2025-11-10 00:00:00.000000'),
(175,72,63,94.00,NULL,7.52,86.48,'P','2025-11-11 10:51:43.260000','2025-11-24 00:00:00.000000','2025-12-07 00:00:00.000000'),
(176,72,21,164.00,NULL,13.12,150.88,'O','2025-11-11 10:51:43.260000','2025-10-26 00:00:00.000000','2025-11-11 10:51:43.260000'),
(177,64,127,88.00,NULL,7.04,80.96,'D','2025-11-11 10:51:43.260000','2025-10-30 00:00:00.000000','2025-11-13 10:51:43.260000'),
(178,89,114,1474.00,NULL,117.92,1356.08,'D','2025-11-11 10:51:43.260000','2025-11-24 00:00:00.000000','2025-12-14 00:00:00.000000'),
(179,103,119,5310.00,1003,424.80,4885.20,'O','2025-11-11 10:51:43.260000','2025-11-24 00:00:00.000000','2025-12-01 00:00:00.000000'),
(180,68,47,700.00,NULL,56.00,644.00,'O','2025-11-11 10:51:43.260000','2025-12-04 00:00:00.000000','2025-12-12 00:00:00.000000'),
(181,71,154,1152.00,NULL,92.16,1059.84,'O','2025-11-11 10:51:43.260000','2025-10-30 00:00:00.000000','2025-11-07 00:00:00.000000'),
(182,104,96,2449.00,NULL,195.92,2253.08,'O','2025-11-11 10:51:43.260000','2025-12-10 00:00:00.000000','2026-01-05 00:00:00.000000'),
(183,98,207,101.00,NULL,8.08,92.92,'O','2025-11-11 10:51:43.260000','2025-11-10 00:00:00.000000','2025-11-23 00:00:00.000000'),
(184,61,18,99.00,NULL,7.92,91.08,'D','2025-11-11 10:51:43.260000','2025-11-29 00:00:00.000000','2025-12-28 00:00:00.000000'),
(185,88,75,1353.00,NULL,108.24,1244.76,'O','2025-11-11 10:51:43.260000','2025-12-13 00:00:00.000000','2026-01-10 00:00:00.000000'),
(186,87,173,158.00,NULL,12.64,145.36,'D','2025-11-11 10:51:43.260000','2025-11-06 00:00:00.000000','2025-11-26 00:00:00.000000'),
(187,58,19,2240.00,1025,179.20,1590.40,'O','2025-11-11 10:51:43.260000','2025-11-18 00:00:00.000000','2025-12-13 00:00:00.000000'),
(188,90,153,155.00,NULL,12.40,142.60,'O','2025-11-11 10:51:43.260000','2025-12-15 00:00:00.000000','2025-11-13 10:51:43.260000'),
(189,69,22,6816.00,NULL,545.28,6270.72,'O','2025-11-11 10:51:43.260000','2025-12-25 00:00:00.000000','2025-11-15 10:51:43.260000'),
(190,67,151,152.00,NULL,12.16,139.84,'O','2025-11-11 10:51:43.260000','2025-11-18 00:00:00.000000','2025-12-08 00:00:00.000000'),
(191,77,111,1372.00,NULL,109.76,1262.24,'O','2025-11-11 10:51:43.260000','2025-12-12 00:00:00.000000','2025-12-24 00:00:00.000000'),
(192,79,32,1185.00,NULL,94.80,1090.20,'O','2025-11-11 10:51:43.260000','2025-12-11 00:00:00.000000','2026-01-05 00:00:00.000000'),
(193,101,24,99.00,NULL,7.92,91.08,'O','2025-11-11 10:51:43.260000','2025-11-01 00:00:00.000000','2025-11-28 00:00:00.000000'),
(194,78,182,6517.00,NULL,521.36,5995.64,'O','2025-11-11 10:51:43.260000','2025-12-27 00:00:00.000000','2026-01-17 00:00:00.000000'),
(195,60,155,2970.00,NULL,237.60,2732.40,'O','2025-11-11 10:51:43.260000','2025-11-16 00:00:00.000000','2025-11-24 00:00:00.000000'),
(196,57,179,141.00,NULL,11.28,129.72,'O','2025-11-11 10:51:43.260000','2025-11-11 00:00:00.000000','2025-11-24 00:00:00.000000'),
(197,92,79,122.00,NULL,9.76,112.24,'O','2025-11-11 10:51:43.260000','2025-12-03 00:00:00.000000','2025-12-08 00:00:00.000000'),
(198,85,89,84.00,NULL,6.72,77.28,'O','2025-11-11 10:51:43.260000','2025-11-01 00:00:00.000000','2025-11-22 00:00:00.000000'),
(199,70,41,171.00,NULL,13.68,157.32,'O','2025-11-11 10:51:43.260000','2025-11-25 00:00:00.000000','2025-12-23 00:00:00.000000'),
(200,95,20,85.00,NULL,6.80,78.20,'O','2025-11-11 10:51:43.260000','2025-11-06 00:00:00.000000','2025-11-13 00:00:00.000000'),
(201,85,148,3910.00,NULL,312.80,3597.20,'O','2025-11-11 10:51:43.260000','2025-12-30 00:00:00.000000','2026-01-06 00:00:00.000000'),
(202,97,128,61.00,1021,4.88,56.12,'P','2025-11-11 10:51:43.260000','2025-10-29 00:00:00.000000','2025-11-01 00:00:00.000000'),
(203,74,45,2006.00,NULL,160.48,1845.52,'D','2025-11-11 10:51:43.260000','2025-12-27 00:00:00.000000','2026-01-19 00:00:00.000000'),
(204,62,117,1048.00,NULL,83.84,964.16,'O','2025-11-11 10:51:43.260000','2025-11-01 00:00:00.000000','2025-11-17 00:00:00.000000'),
(205,79,172,146.00,1016,11.68,110.96,'O','2025-11-11 10:51:43.260000','2025-10-17 00:00:00.000000','2025-11-12 00:00:00.000000'),
(206,80,135,2405.00,NULL,192.40,2212.60,'P','2025-11-11 10:51:43.260000','2025-12-27 00:00:00.000000','2026-01-04 00:00:00.000000');
/*!40000 ALTER TABLE `rentalorders` ENABLE KEYS */;
UNLOCK TABLES;

--
-- Table structure for table `rentals`
--

DROP TABLE IF EXISTS `rentals`;
/*!40101 SET @saved_cs_client     = @@character_set_client */;
/*!40101 SET character_set_client = utf8mb4 */;
CREATE TABLE `rentals` (
  `RentalID` int NOT NULL,
  `VehicleID` int NOT NULL,
  `AgreementID` int NOT NULL,
  `DriversLicenseID` int NOT NULL,
  `DriverInsuranceID` int NOT NULL,
  `Status` char(1) NOT NULL DEFAULT '0',
  `IsOnlineReservation` tinyint(1) NOT NULL DEFAULT '0',
  `PickupLocation` int NOT NULL,
  `DropOffLocation` int DEFAULT NULL,
  `EmployeeID` int DEFAULT NULL,
  `CreationDate` datetime(6) NOT NULL,
  `StartDate` datetime(6) NOT NULL,
  `EndDate` datetime(6) DEFAULT NULL,
  `ReturnedOnDate` datetime(6) DEFAULT NULL,
  `StartMileage` int NOT NULL,
  `EndMileage` int NOT NULL,
  PRIMARY KEY (`RentalID`),
  KEY `Rentals_VehicleID_Vehicles_VehicleID` (`VehicleID`),
  KEY `Rentals_DriversLicenseID_DriversLicense_DriversLicenseID` (`DriversLicenseID`),
  KEY `Rentals_DriverInsuranceID_DriverInsurance_InsuranceID` (`DriverInsuranceID`),
  KEY `Rentals_PickupLocation_Locations_LocationID` (`PickupLocation`),
  KEY `Rentals_DropOffLocation_Locations_LocationID` (`DropOffLocation`),
  KEY `Rentals_EmployeeID_Employees_EmployeeID` (`EmployeeID`),
  CONSTRAINT `Rentals_DriverInsuranceID_DriverInsurance_InsuranceID` FOREIGN KEY (`DriverInsuranceID`) REFERENCES `driverinsurance` (`InsuranceID`),
  CONSTRAINT `Rentals_DriversLicenseID_DriversLicense_DriversLicenseID` FOREIGN KEY (`DriversLicenseID`) REFERENCES `driverslicense` (`DriversLicenseID`),
  CONSTRAINT `Rentals_DropOffLocation_Locations_LocationID` FOREIGN KEY (`DropOffLocation`) REFERENCES `locations` (`LocationID`),
  CONSTRAINT `Rentals_EmployeeID_Employees_EmployeeID` FOREIGN KEY (`EmployeeID`) REFERENCES `employees` (`EmployeeID`),
  CONSTRAINT `Rentals_PickupLocation_Locations_LocationID` FOREIGN KEY (`PickupLocation`) REFERENCES `locations` (`LocationID`),
  CONSTRAINT `Rentals_VehicleID_Vehicles_VehicleID` FOREIGN KEY (`VehicleID`) REFERENCES `vehicles` (`VehicleID`)
) ENGINE=InnoDB DEFAULT CHARSET=utf8mb4 COLLATE=utf8mb4_0900_ai_ci;
/*!40101 SET character_set_client = @saved_cs_client */;

--
-- Dumping data for table `rentals`
--

LOCK TABLES `rentals` WRITE;
/*!40000 ALTER TABLE `rentals` DISABLE KEYS */;
INSERT INTO `rentals` VALUES
(12,1002,4,5,59,'0',1,5,4,40,'2025-11-10 23:29:42.773000','2025-10-11 00:00:00.000000','2025-12-23 00:00:00.000000',NULL,62190,63383),
(13,1139,24,36,57,'0',0,4,5,54,'2025-11-10 23:29:42.773000','2025-12-15 00:00:00.000000','2025-11-07 00:00:00.000000','2025-11-20 00:00:00.000000',82047,83784),
(14,1169,25,34,100,'0',0,4,1,50,'2025-11-10 23:29:42.773000','2025-10-15 00:00:00.000000','2025-12-10 00:00:00.000000',NULL,118260,119465),
(15,1192,21,23,79,'0',0,1,2,52,'2025-11-10 23:29:42.773000','2025-12-06 00:00:00.000000','2025-12-28 00:00:00.000000',NULL,90837,92304),
(16,1085,27,63,2,'0',1,5,3,NULL,'2025-11-10 23:29:42.773000','2025-12-16 00:00:00.000000','2025-12-12 00:00:00.000000',NULL,112546,113346),
(17,1054,30,58,74,'C',1,3,4,48,'2025-11-10 23:29:42.773000','2025-10-20 00:00:00.000000','2025-12-11 00:00:00.000000',NULL,70601,71858),
(18,1104,57,73,46,'0',0,3,5,20,'2025-11-10 23:29:42.773000','2025-12-16 00:00:00.000000','2025-11-29 00:00:00.000000',NULL,113179,113177),
(19,1199,10,42,18,'R',0,1,1,17,'2025-11-10 23:29:42.773000','2025-10-30 00:00:00.000000','2025-11-18 00:00:00.000000',NULL,29533,30810),
(20,1105,6,6,10,'0',1,1,2,24,'2025-11-10 23:29:42.773000','2025-11-14 00:00:00.000000','2025-11-06 00:00:00.000000',NULL,45050,46735),
(21,1125,59,19,82,'0',1,4,3,10,'2025-11-10 23:29:42.773000','2025-11-11 00:00:00.000000','2025-10-26 00:00:00.000000','2025-12-14 00:00:00.000000',92540,94286),
(22,1030,44,9,76,'0',0,1,4,27,'2025-11-10 23:29:42.773000','2025-10-16 00:00:00.000000','2025-12-25 00:00:00.000000',NULL,57145,57411),
(23,1144,23,25,61,'0',1,5,5,37,'2025-11-10 23:29:42.773000','2025-11-02 00:00:00.000000','2025-11-28 00:00:00.000000','2025-12-02 00:00:00.000000',72815,73195),
(24,1020,1,39,14,'0',1,2,1,55,'2025-11-10 23:29:42.773000','2025-11-18 00:00:00.000000','2025-11-01 00:00:00.000000',NULL,73407,74484),
(25,1006,42,46,20,'0',1,1,2,45,'2025-11-10 23:29:42.773000','2025-12-14 00:00:00.000000','2025-11-14 00:00:00.000000',NULL,71956,73848),
(26,1109,45,67,68,'0',0,2,3,21,'2025-11-10 23:29:42.773000','2025-12-17 00:00:00.000000','2025-10-15 00:00:00.000000',NULL,115486,116632),
(27,1036,46,29,81,'0',1,2,4,22,'2025-11-10 23:29:42.773000','2025-12-07 00:00:00.000000','2025-12-29 00:00:00.000000',NULL,74453,75822),
(28,1128,33,14,97,'0',0,4,5,NULL,'2025-11-10 23:29:42.773000','2025-12-19 00:00:00.000000','2025-10-28 00:00:00.000000',NULL,61648,62971),
(29,1100,26,15,83,'0',0,5,1,8,'2025-11-10 23:29:42.773000','2025-11-26 00:00:00.000000','2025-12-16 00:00:00.000000',NULL,11637,12692),
(30,1091,20,72,44,'0',0,5,2,NULL,'2025-11-10 23:29:42.773000','2025-10-16 00:00:00.000000','2025-12-14 00:00:00.000000','2025-11-01 00:00:00.000000',92434,93694),
(31,1081,55,10,56,'R',0,2,3,38,'2025-11-10 23:29:42.773000','2025-12-18 00:00:00.000000','2025-11-25 00:00:00.000000',NULL,13864,14847),
(32,1124,2,59,62,'0',1,2,4,NULL,'2025-11-10 23:29:42.773000','2025-11-27 00:00:00.000000','2025-12-11 00:00:00.000000',NULL,70248,71730),
(33,1039,47,69,8,'0',0,5,5,33,'2025-11-10 23:29:42.773000','2025-12-18 00:00:00.000000','2025-10-20 00:00:00.000000',NULL,870,2060),
(34,1045,34,56,23,'0',0,4,1,NULL,'2025-11-10 23:29:42.773000','2025-11-01 00:00:00.000000','2025-11-26 00:00:00.000000',NULL,80195,80769),
(35,1088,32,78,22,'0',0,1,2,19,'2025-11-10 23:29:42.773000','2025-11-08 00:00:00.000000','2025-11-03 00:00:00.000000','2025-12-07 00:00:00.000000',116253,117830),
(36,1198,8,60,94,'0',0,1,3,NULL,'2025-11-10 23:29:42.773000','2025-11-03 00:00:00.000000','2025-11-14 00:00:00.000000',NULL,94338,94536),
(37,1047,16,18,12,'0',0,2,4,NULL,'2025-11-10 23:29:42.773000','2025-12-17 00:00:00.000000','2025-11-16 00:00:00.000000',NULL,106729,108502),
(38,1160,36,74,42,'0',0,5,5,NULL,'2025-11-10 23:29:42.773000','2025-12-13 00:00:00.000000','2025-12-05 00:00:00.000000',NULL,86389,86761),
(39,1094,41,7,36,'0',1,3,1,47,'2025-11-10 23:29:42.773000','2025-10-16 00:00:00.000000','2026-01-07 00:00:00.000000',NULL,16964,17963),
(40,1196,15,62,28,'0',0,3,2,49,'2025-11-10 23:29:42.773000','2025-11-30 00:00:00.000000','2025-12-17 00:00:00.000000','2025-11-23 00:00:00.000000',93539,94797),
(41,1046,13,55,89,'R',0,1,3,34,'2025-11-10 23:29:42.773000','2025-12-25 00:00:00.000000','2025-11-25 00:00:00.000000',NULL,93089,94929),
(42,1087,31,37,54,'R',0,3,4,6,'2025-11-10 23:29:42.773000','2025-12-06 00:00:00.000000','2025-12-23 00:00:00.000000',NULL,46614,46821),
(43,1138,19,22,1,'0',0,5,5,28,'2025-11-10 23:29:42.773000','2025-12-24 00:00:00.000000','2025-12-28 00:00:00.000000',NULL,62586,64536),
(44,1176,37,13,93,'0',1,4,1,23,'2025-11-10 23:29:42.773000','2025-10-24 00:00:00.000000','2025-12-25 00:00:00.000000','2025-11-13 00:00:00.000000',49957,49960),
(45,1031,40,30,49,'0',0,1,2,18,'2025-11-10 23:29:42.773000','2025-12-11 00:00:00.000000','2025-12-27 00:00:00.000000',NULL,32881,33029),
(46,1117,43,21,15,'0',0,4,3,29,'2025-11-10 23:29:42.773000','2025-11-04 00:00:00.000000','2025-11-09 00:00:00.000000','2025-11-03 00:00:00.000000',46723,48213),
(47,1188,51,43,16,'0',0,5,4,25,'2025-11-10 23:29:42.773000','2025-11-21 00:00:00.000000','2025-12-04 00:00:00.000000',NULL,57266,58348),
(48,1008,50,32,29,'0',0,2,5,46,'2025-11-10 23:29:42.773000','2025-11-06 00:00:00.000000','2025-12-09 00:00:00.000000',NULL,12421,13016),
(49,1142,54,17,47,'0',0,2,1,43,'2025-11-10 23:29:42.773000','2025-10-12 00:00:00.000000','2025-11-10 00:00:00.000000',NULL,66747,68484),
(50,1040,14,80,95,'0',0,3,2,NULL,'2025-11-10 23:29:42.773000','2025-10-23 00:00:00.000000','2025-12-13 00:00:00.000000',NULL,15227,16057),
(51,1186,9,45,30,'0',1,3,3,15,'2025-11-10 23:29:42.773000','2025-10-20 00:00:00.000000','2025-12-01 00:00:00.000000',NULL,20426,21865),
(52,1016,35,8,4,'0',0,1,4,35,'2025-11-10 23:29:42.773000','2025-11-19 00:00:00.000000','2025-11-10 00:00:00.000000',NULL,766,1456),
(53,1179,29,11,80,'0',1,4,5,11,'2025-11-10 23:29:42.773000','2025-12-06 00:00:00.000000','2025-11-27 00:00:00.000000',NULL,19147,19884),
(54,1033,12,41,13,'0',0,4,1,14,'2025-11-10 23:29:42.773000','2025-11-16 00:00:00.000000','2025-12-08 00:00:00.000000',NULL,73520,75354),
(55,1107,18,44,5,'R',0,5,2,NULL,'2025-11-10 23:29:42.773000','2025-11-02 00:00:00.000000','2025-12-08 00:00:00.000000',NULL,47409,48228),
(56,1141,48,26,37,'C',0,3,3,13,'2025-11-10 23:29:42.773000','2025-11-14 00:00:00.000000','2025-11-22 00:00:00.000000',NULL,30337,30494),
(57,1174,22,20,19,'R',1,5,4,41,'2025-11-10 23:29:42.773000','2025-12-09 00:00:00.000000','2025-10-15 00:00:00.000000',NULL,46111,46232),
(58,1084,56,68,85,'0',0,5,5,26,'2025-11-10 23:29:42.773000','2025-11-09 00:00:00.000000','2025-11-24 00:00:00.000000',NULL,23657,25191),
(59,1114,11,52,50,'0',0,1,1,30,'2025-11-10 23:29:42.773000','2025-12-07 00:00:00.000000','2025-10-21 00:00:00.000000',NULL,35753,37111),
(60,1131,28,16,9,'C',1,2,2,42,'2025-11-10 23:29:42.773000','2025-11-26 00:00:00.000000','2025-11-18 00:00:00.000000','2025-12-27 00:00:00.000000',102827,103007),
(61,1018,3,53,17,'0',0,2,3,NULL,'2025-11-10 23:29:42.773000','2025-12-04 00:00:00.000000','2025-12-11 00:00:00.000000',NULL,89770,90394),
(62,1041,60,48,38,'C',1,2,4,40,'2025-11-10 23:29:42.773000','2025-11-11 00:00:00.000000','2025-12-13 00:00:00.000000','2025-11-10 00:00:00.000000',71609,73053),
(63,1149,53,51,3,'0',0,3,5,54,'2025-11-10 23:29:42.773000','2025-12-09 00:00:00.000000','2025-11-24 00:00:00.000000',NULL,119792,119873),
(64,1080,38,76,11,'C',0,3,1,NULL,'2025-11-10 23:29:42.773000','2025-10-14 00:00:00.000000','2025-12-01 00:00:00.000000','2025-10-29 00:00:00.000000',57247,57384),
(65,1009,52,1,45,'0',0,4,2,52,'2025-11-10 23:29:42.773000','2025-10-21 00:00:00.000000','2025-12-01 00:00:00.000000',NULL,88861,88947),
(66,1123,17,40,66,'0',0,5,3,32,'2025-11-10 23:29:42.773000','2025-10-11 00:00:00.000000','2025-12-19 00:00:00.000000','2025-10-27 00:00:00.000000',33918,35320),
(67,1166,7,12,24,'0',0,2,4,NULL,'2025-11-10 23:29:42.773000','2025-11-19 00:00:00.000000','2025-12-07 00:00:00.000000',NULL,23006,24087),
(68,1024,39,66,40,'R',1,4,5,20,'2025-11-10 23:29:42.773000','2025-10-31 00:00:00.000000','2025-12-19 00:00:00.000000',NULL,48963,49720),
(69,1197,49,64,92,'0',0,2,1,17,'2025-11-10 23:29:42.773000','2025-12-04 00:00:00.000000','2025-11-25 00:00:00.000000',NULL,13262,13722),
(70,1001,5,35,75,'0',0,3,2,NULL,'2025-11-10 23:29:42.773000','2025-10-26 00:00:00.000000','2025-12-17 00:00:00.000000',NULL,13966,14299),
(71,1173,58,4,33,'0',1,5,3,10,'2025-11-10 23:29:42.773000','2025-10-31 00:00:00.000000','2025-11-10 00:00:00.000000',NULL,5333,5730),
(72,1193,4,27,25,'0',0,1,4,NULL,'2025-11-10 23:29:42.773000','2025-11-30 00:00:00.000000','2025-12-11 00:00:00.000000',NULL,105804,106525),
(73,1167,24,65,69,'0',0,3,5,NULL,'2025-11-10 23:29:42.773000','2025-10-17 00:00:00.000000','2025-11-26 00:00:00.000000',NULL,80754,82446),
(74,1164,25,71,90,'0',1,3,1,NULL,'2025-11-10 23:29:42.773000','2025-12-10 00:00:00.000000','2025-10-21 00:00:00.000000',NULL,100427,100940),
(75,1005,21,77,34,'0',0,2,2,NULL,'2025-11-10 23:29:42.773000','2025-11-03 00:00:00.000000','2025-12-13 00:00:00.000000',NULL,66774,68335),
(76,1022,27,79,7,'0',0,3,3,21,'2025-11-10 23:29:42.773000','2025-12-24 00:00:00.000000','2025-12-09 00:00:00.000000','2025-11-09 00:00:00.000000',525,1398),
(77,1082,30,3,98,'0',0,4,4,22,'2025-11-10 23:29:42.773000','2025-12-21 00:00:00.000000','2025-10-29 00:00:00.000000',NULL,18896,19322),
(78,1185,57,54,48,'0',1,4,5,9,'2025-11-10 23:29:42.773000','2025-11-07 00:00:00.000000','2025-12-25 00:00:00.000000',NULL,63588,65072),
(79,1089,10,61,6,'0',0,5,1,8,'2025-11-10 23:29:42.773000','2025-12-10 00:00:00.000000','2025-12-03 00:00:00.000000',NULL,87741,89333),
(80,1143,6,28,31,'0',0,5,2,36,'2025-11-10 23:29:42.773000','2025-11-17 00:00:00.000000','2025-11-03 00:00:00.000000',NULL,40404,41502),
(81,1148,59,49,64,'C',0,2,3,NULL,'2025-11-10 23:29:42.773000','2025-11-28 00:00:00.000000','2025-12-11 00:00:00.000000',NULL,3499,3899),
(82,1183,44,2,87,'C',1,4,4,NULL,'2025-11-10 23:29:42.773000','2025-12-20 00:00:00.000000','2025-11-18 00:00:00.000000',NULL,79783,80607),
(83,1070,23,24,26,'0',1,1,5,33,'2025-11-10 23:29:42.773000','2025-11-14 00:00:00.000000','2025-11-15 00:00:00.000000',NULL,117723,119044),
(84,1200,1,38,91,'0',1,2,1,51,'2025-11-10 23:29:42.773000','2025-10-20 00:00:00.000000','2025-12-28 00:00:00.000000',NULL,87263,87397),
(85,1163,42,57,84,'0',0,3,2,19,'2025-11-10 23:29:42.773000','2025-10-28 00:00:00.000000','2025-11-06 00:00:00.000000',NULL,32067,33992),
(86,1102,45,33,60,'0',0,1,3,53,'2025-11-10 23:29:42.773000','2025-12-08 00:00:00.000000','2025-11-20 00:00:00.000000',NULL,9831,10282),
(87,1051,46,31,99,'0',1,3,4,NULL,'2025-11-10 23:29:42.773000','2025-11-15 00:00:00.000000','2025-12-12 00:00:00.000000','2025-12-23 00:00:00.000000',29998,30912),
(88,1184,33,47,53,'0',0,1,5,NULL,'2025-11-10 23:29:42.773000','2025-10-15 00:00:00.000000','2025-12-18 00:00:00.000000',NULL,23302,24935),
(89,1111,26,75,52,'0',0,4,1,NULL,'2025-11-10 23:29:42.773000','2025-11-23 00:00:00.000000','2025-11-01 00:00:00.000000',NULL,60808,62398),
(90,1158,20,50,65,'0',0,3,2,49,'2025-11-10 23:29:42.773000','2025-12-15 00:00:00.000000','2025-12-12 00:00:00.000000',NULL,42064,43250),
(91,1050,55,70,63,'0',0,3,3,NULL,'2025-11-10 23:29:42.773000','2025-12-10 00:00:00.000000','2025-12-03 00:00:00.000000',NULL,4321,4781),
(92,1108,2,5,59,'0',0,2,4,6,'2025-11-10 23:29:42.773000','2025-11-14 00:00:00.000000','2026-01-04 00:00:00.000000',NULL,107136,108854),
(93,1058,47,36,57,'0',0,4,5,28,'2025-11-10 23:29:42.773000','2025-11-28 00:00:00.000000','2025-11-24 00:00:00.000000',NULL,84950,85838),
(94,1055,34,34,100,'0',0,4,1,23,'2025-11-10 23:29:42.773000','2025-11-09 00:00:00.000000','2025-11-29 00:00:00.000000',NULL,114542,115927),
(95,1068,32,23,79,'C',1,2,2,NULL,'2025-11-10 23:29:42.773000','2025-10-31 00:00:00.000000','2025-12-29 00:00:00.000000',NULL,45867,46597),
(96,1115,8,63,2,'0',0,5,3,29,'2025-11-10 23:29:42.773000','2025-11-10 00:00:00.000000','2025-12-10 00:00:00.000000',NULL,117302,118785),
(97,1118,16,58,74,'0',1,4,4,25,'2025-11-10 23:29:42.773000','2025-11-12 00:00:00.000000','2025-10-28 00:00:00.000000',NULL,89479,90681),
(98,1168,36,73,46,'0',0,4,5,NULL,'2025-11-10 23:29:42.773000','2025-12-05 00:00:00.000000','2025-11-17 00:00:00.000000',NULL,39590,40232),
(99,1151,41,42,18,'0',1,3,1,43,'2025-11-10 23:29:42.773000','2025-10-21 00:00:00.000000','2026-01-04 00:00:00.000000','2025-11-03 00:00:00.000000',82088,83240),
(100,1119,15,6,10,'0',1,4,2,44,'2025-11-10 23:29:42.773000','2025-10-17 00:00:00.000000','2025-11-22 00:00:00.000000',NULL,113426,115124),
(101,1042,13,19,82,'0',0,4,3,15,'2025-11-10 23:29:42.773000','2025-12-18 00:00:00.000000','2025-11-01 00:00:00.000000',NULL,86835,88036),
(102,1112,31,9,76,'0',1,3,4,35,'2025-11-10 23:29:42.773000','2025-11-04 00:00:00.000000','2025-12-15 00:00:00.000000',NULL,96125,97322),
(103,1133,19,25,61,'0',0,4,5,11,'2025-11-10 23:29:42.773000','2025-11-30 00:00:00.000000','2025-12-23 00:00:00.000000',NULL,28384,29002),
(104,1177,37,39,14,'R',0,2,1,14,'2025-11-10 23:29:42.773000','2025-10-31 00:00:00.000000','2025-10-28 00:00:00.000000',NULL,37724,37695),
(105,1096,40,46,20,'0',0,3,2,12,'2025-11-10 23:29:42.773000','2025-11-22 00:00:00.000000','2025-11-27 00:00:00.000000',NULL,40467,41361),
(106,1079,43,67,68,'0',0,1,3,13,'2025-11-10 23:29:42.773000','2025-12-23 00:00:00.000000','2025-11-05 00:00:00.000000',NULL,96135,97470),
(107,1010,51,29,81,'0',0,3,4,41,'2025-11-10 23:29:42.773000','2025-10-26 00:00:00.000000','2025-12-18 00:00:00.000000',NULL,2183,3544),
(108,1140,50,14,97,'0',1,5,5,26,'2025-11-10 23:29:42.773000','2025-10-23 00:00:00.000000','2025-12-18 00:00:00.000000',NULL,34600,35357),
(109,1154,54,15,83,'C',0,3,1,NULL,'2025-11-10 23:29:42.773000','2025-10-18 00:00:00.000000','2025-12-10 00:00:00.000000','2025-11-28 00:00:00.000000',66423,66783),
(110,1122,14,72,44,'0',0,2,2,42,'2025-11-10 23:29:42.773000','2025-12-19 00:00:00.000000','2025-12-18 00:00:00.000000','2025-10-27 00:00:00.000000',59363,60314),
(111,1153,9,10,56,'0',0,2,3,7,'2025-11-10 23:29:42.773000','2025-11-29 00:00:00.000000','2025-12-12 00:00:00.000000',NULL,111489,111523),
(112,1063,35,59,62,'0',0,5,4,40,'2025-11-10 23:29:42.773000','2025-10-24 00:00:00.000000','2025-12-25 00:00:00.000000',NULL,61673,61733),
(113,1066,29,69,8,'0',0,1,5,54,'2025-11-10 23:29:42.773000','2025-11-13 00:00:00.000000','2025-10-31 00:00:00.000000',NULL,88409,89759),
(114,1061,12,56,23,'0',0,2,1,50,'2025-11-10 23:29:42.773000','2025-11-14 00:00:00.000000','2025-11-24 00:00:00.000000','2025-12-09 00:00:00.000000',59218,60421),
(115,1132,18,78,22,'C',0,5,2,NULL,'2025-11-10 23:29:42.773000','2025-11-05 00:00:00.000000','2025-10-14 00:00:00.000000',NULL,36532,36957),
(116,1172,48,60,94,'0',0,5,3,32,'2025-11-10 23:29:42.773000','2025-12-06 00:00:00.000000','2025-10-28 00:00:00.000000','2025-10-27 00:00:00.000000',45389,46563),
(117,1152,22,18,12,'C',0,2,4,48,'2025-11-10 23:29:42.773000','2025-10-25 00:00:00.000000','2025-11-01 00:00:00.000000',NULL,54148,54586),
(118,1032,56,74,42,'0',1,4,5,20,'2025-11-10 23:29:42.773000','2025-11-27 00:00:00.000000','2025-12-11 00:00:00.000000',NULL,62299,62717),
(119,1075,11,7,36,'0',0,5,1,17,'2025-11-10 23:29:42.773000','2025-10-26 00:00:00.000000','2025-11-24 00:00:00.000000',NULL,4776,5452),
(120,1083,28,62,28,'0',0,4,2,24,'2025-11-10 23:29:42.773000','2025-10-24 00:00:00.000000','2025-11-27 00:00:00.000000',NULL,57696,57899),
(121,1180,3,55,89,'0',1,3,3,NULL,'2025-11-10 23:29:42.773000','2025-11-26 00:00:00.000000','2025-12-07 00:00:00.000000','2025-10-30 00:00:00.000000',43140,43583),
(122,1013,60,37,54,'0',1,4,4,NULL,'2025-11-10 23:29:42.773000','2025-10-28 00:00:00.000000','2025-11-12 00:00:00.000000',NULL,99696,100833),
(123,1146,53,22,1,'C',1,4,5,37,'2025-11-10 23:29:42.773000','2025-12-04 00:00:00.000000','2025-11-30 00:00:00.000000',NULL,76004,77943),
(124,1190,38,13,93,'0',0,1,1,NULL,'2025-11-10 23:29:42.773000','2025-12-02 00:00:00.000000','2025-11-24 00:00:00.000000',NULL,44633,44826),
(125,1004,52,30,49,'0',1,2,2,45,'2025-11-10 23:29:42.773000','2025-11-03 00:00:00.000000','2025-12-24 00:00:00.000000',NULL,72762,73792),
(126,1129,17,21,15,'0',0,1,3,21,'2025-11-10 23:29:42.773000','2025-12-22 00:00:00.000000','2025-11-06 00:00:00.000000',NULL,38835,39497),
(127,1194,7,43,16,'0',1,5,4,22,'2025-11-10 23:29:42.773000','2025-12-25 00:00:00.000000','2025-10-30 00:00:00.000000',NULL,87547,89395),
(128,1136,39,32,29,'0',0,3,5,9,'2025-11-10 23:29:42.773000','2025-11-04 00:00:00.000000','2025-10-29 00:00:00.000000',NULL,92057,93429),
(129,1044,49,17,47,'0',0,1,1,8,'2025-11-10 23:29:42.773000','2025-12-07 00:00:00.000000','2025-10-31 00:00:00.000000',NULL,111809,112779),
(130,1097,5,80,95,'0',0,3,2,NULL,'2025-11-10 23:29:42.773000','2025-11-18 00:00:00.000000','2025-10-30 00:00:00.000000',NULL,118357,120168),
(131,1077,58,45,30,'C',1,2,3,38,'2025-11-10 23:29:42.773000','2025-11-05 00:00:00.000000','2025-11-13 00:00:00.000000',NULL,81322,82786),
(132,1065,4,8,4,'0',0,3,4,31,'2025-11-10 23:29:42.773000','2025-11-10 00:00:00.000000','2025-12-26 00:00:00.000000',NULL,103138,104794),
(133,1191,24,11,80,'0',0,3,5,33,'2025-11-10 23:29:42.773000','2025-12-01 00:00:00.000000','2025-11-19 00:00:00.000000',NULL,61276,63019),
(134,1071,25,41,13,'0',0,4,1,51,'2025-11-10 23:29:42.773000','2025-11-21 00:00:00.000000','2025-11-09 00:00:00.000000',NULL,73993,75069),
(135,1098,21,44,5,'0',0,4,2,19,'2025-11-10 23:29:42.773000','2025-11-21 00:00:00.000000','2025-12-27 00:00:00.000000','2025-11-20 00:00:00.000000',81502,82537),
(136,1090,27,26,37,'0',0,3,3,53,'2025-11-10 23:29:42.773000','2025-11-30 00:00:00.000000','2025-12-02 00:00:00.000000',NULL,114352,114373),
(137,1182,30,20,19,'0',0,4,4,16,'2025-11-10 23:29:42.773000','2025-10-29 00:00:00.000000','2025-11-29 00:00:00.000000',NULL,40079,40760),
(138,1012,57,68,85,'0',0,4,5,39,'2025-11-10 23:29:42.773000','2025-11-04 00:00:00.000000','2025-11-07 00:00:00.000000',NULL,66418,67859),
(139,1007,10,52,50,'0',0,5,1,47,'2025-11-10 23:29:42.773000','2025-11-07 00:00:00.000000','2025-12-14 00:00:00.000000',NULL,36513,38019),
(140,1011,6,16,9,'0',1,2,2,49,'2025-11-10 23:29:42.773000','2025-10-13 00:00:00.000000','2025-12-16 00:00:00.000000',NULL,80987,81680),
(141,1126,59,53,17,'C',0,1,3,34,'2025-11-10 23:29:42.773000','2025-11-29 00:00:00.000000','2025-12-15 00:00:00.000000',NULL,22998,24859),
(142,1120,44,48,38,'0',0,5,4,6,'2025-11-10 23:29:42.773000','2025-10-21 00:00:00.000000','2025-11-25 00:00:00.000000','2025-12-07 00:00:00.000000',49176,50649),
(143,1035,23,51,3,'C',1,1,5,28,'2025-11-10 23:29:42.773000','2025-10-19 00:00:00.000000','2025-10-24 00:00:00.000000','2025-11-09 00:00:00.000000',46945,47426),
(144,1064,1,76,11,'0',0,2,1,23,'2025-11-10 23:29:42.773000','2025-12-09 00:00:00.000000','2025-12-16 00:00:00.000000',NULL,18422,19213),
(145,1026,42,1,45,'0',1,2,2,18,'2025-11-10 23:29:42.773000','2025-11-27 00:00:00.000000','2025-12-17 00:00:00.000000',NULL,71789,72461),
(146,1038,45,40,66,'0',1,5,3,29,'2025-11-10 23:29:42.773000','2025-10-28 00:00:00.000000','2025-12-06 00:00:00.000000',NULL,75761,77275),
(147,1043,46,12,24,'0',0,5,4,25,'2025-11-10 23:29:42.773000','2025-10-21 00:00:00.000000','2025-12-19 00:00:00.000000',NULL,92137,93909),
(148,1137,33,66,40,'0',0,3,5,46,'2025-11-10 23:29:42.773000','2025-11-15 00:00:00.000000','2025-12-30 00:00:00.000000',NULL,41983,42807),
(149,1078,26,64,92,'0',0,2,1,43,'2025-11-10 23:29:42.773000','2025-11-12 00:00:00.000000','2026-01-05 00:00:00.000000',NULL,52643,53693),
(150,1019,20,35,75,'0',0,2,2,NULL,'2025-11-10 23:29:42.773000','2025-10-28 00:00:00.000000','2025-10-16 00:00:00.000000',NULL,59174,59736),
(151,1021,55,4,33,'0',1,1,3,15,'2025-11-10 23:29:42.773000','2025-11-19 00:00:00.000000','2025-11-18 00:00:00.000000',NULL,9872,11654),
(152,1135,2,27,25,'0',0,4,4,35,'2025-11-10 23:29:42.773000','2025-10-21 00:00:00.000000','2025-12-02 00:00:00.000000',NULL,71239,73118),
(153,1101,47,65,69,'0',0,3,5,11,'2025-11-10 23:29:42.773000','2025-12-25 00:00:00.000000','2025-12-15 00:00:00.000000',NULL,107185,107853),
(154,1056,34,71,90,'C',1,5,1,NULL,'2025-11-10 23:29:42.773000','2025-10-19 00:00:00.000000','2025-10-30 00:00:00.000000',NULL,80828,82692),
(155,1048,32,77,34,'0',0,2,2,12,'2025-11-10 23:29:42.773000','2025-10-30 00:00:00.000000','2025-11-16 00:00:00.000000',NULL,52868,53204),
(156,1165,8,79,7,'0',1,4,3,13,'2025-11-10 23:29:42.773000','2025-12-25 00:00:00.000000','2025-12-10 00:00:00.000000',NULL,75214,76675),
(157,1027,16,3,98,'C',0,3,4,41,'2025-11-10 23:29:42.773000','2025-12-22 00:00:00.000000','2025-11-09 00:00:00.000000',NULL,108884,109326),
(158,1130,36,54,48,'0',0,1,5,26,'2025-11-10 23:29:42.773000','2025-12-22 00:00:00.000000','2025-10-15 00:00:00.000000',NULL,67417,67826),
(159,1074,41,61,6,'0',0,4,1,30,'2025-11-10 23:29:42.773000','2025-12-23 00:00:00.000000','2025-12-27 00:00:00.000000','2025-12-18 00:00:00.000000',36677,37025),
(160,1106,15,28,31,'C',0,4,2,42,'2025-11-10 23:29:42.773000','2025-12-19 00:00:00.000000','2025-11-27 00:00:00.000000',NULL,79888,80461),
(161,1134,13,49,64,'C',0,2,3,NULL,'2025-11-10 23:29:42.773000','2025-10-22 00:00:00.000000','2025-10-31 00:00:00.000000',NULL,1007,2373),
(162,1170,31,2,87,'0',1,2,4,40,'2025-11-10 23:29:42.773000','2025-12-05 00:00:00.000000','2025-10-16 00:00:00.000000',NULL,21515,21597),
(163,1099,19,24,26,'0',0,5,5,NULL,'2025-11-10 23:29:42.773000','2025-12-22 00:00:00.000000','2025-11-12 00:00:00.000000',NULL,43951,45647),
(164,1086,37,38,91,'0',0,2,1,50,'2025-11-10 23:29:42.773000','2025-11-03 00:00:00.000000','2025-11-14 00:00:00.000000',NULL,76553,77360),
(165,1029,40,57,84,'0',0,1,2,52,'2025-11-10 23:29:42.773000','2025-11-16 00:00:00.000000','2025-12-16 00:00:00.000000',NULL,54486,54821),
(166,1121,43,33,60,'0',0,1,3,32,'2025-11-10 23:29:42.773000','2025-11-19 00:00:00.000000','2025-10-30 00:00:00.000000','2025-12-20 00:00:00.000000',45448,46481),
(167,1189,51,31,99,'0',0,5,4,48,'2025-11-10 23:29:42.773000','2025-12-16 00:00:00.000000','2025-11-08 00:00:00.000000',NULL,44958,45029),
(168,1076,50,47,53,'C',0,2,5,NULL,'2025-11-10 23:29:42.773000','2025-11-15 00:00:00.000000','2025-11-01 00:00:00.000000',NULL,27250,28169),
(169,1059,54,75,52,'0',0,5,1,17,'2025-11-10 23:29:42.773000','2025-12-08 00:00:00.000000','2025-12-04 00:00:00.000000',NULL,96657,98491),
(170,1017,14,50,65,'0',1,2,2,24,'2025-11-10 23:29:42.773000','2025-12-16 00:00:00.000000','2025-12-03 00:00:00.000000',NULL,88723,89149),
(171,1003,9,70,63,'0',1,3,3,10,'2025-11-10 23:29:42.773000','2025-10-17 00:00:00.000000','2025-11-13 00:00:00.000000','2025-11-16 00:00:00.000000',16276,17882),
(172,1072,35,5,59,'R',1,4,4,27,'2025-11-10 23:29:42.773000','2025-12-19 00:00:00.000000','2025-10-17 00:00:00.000000',NULL,16164,17292),
(173,1015,29,36,57,'0',0,3,5,37,'2025-11-10 23:29:42.773000','2025-12-20 00:00:00.000000','2025-11-06 00:00:00.000000',NULL,86274,86659),
(174,1161,12,34,100,'0',1,5,1,55,'2025-11-10 23:29:42.773000','2025-10-16 00:00:00.000000','2025-12-20 00:00:00.000000',NULL,87849,89578),
(175,1067,18,23,79,'0',0,4,2,45,'2025-11-10 23:29:42.773000','2025-11-18 00:00:00.000000','2025-11-15 00:00:00.000000',NULL,86783,87620),
(176,1157,48,63,2,'0',0,1,3,21,'2025-11-10 23:29:42.773000','2025-11-08 00:00:00.000000','2025-11-09 00:00:00.000000',NULL,102362,102853),
(177,1195,22,58,74,'0',1,2,4,22,'2025-11-10 23:29:42.773000','2025-12-01 00:00:00.000000','2025-12-17 00:00:00.000000',NULL,58269,58263),
(178,1095,56,73,46,'0',0,1,5,9,'2025-11-10 23:29:42.773000','2025-12-05 00:00:00.000000','2025-10-25 00:00:00.000000','2025-12-04 00:00:00.000000',77089,77335),
(179,1023,11,42,18,'0',1,5,1,8,'2025-11-10 23:29:42.773000','2025-11-11 00:00:00.000000','2025-11-11 00:00:00.000000',NULL,24797,25780),
(180,1116,28,6,10,'C',0,2,2,NULL,'2025-11-10 23:29:42.773000','2025-12-07 00:00:00.000000','2025-11-15 00:00:00.000000',NULL,95427,97011),
(181,1057,3,19,82,'0',1,4,3,38,'2025-11-10 23:29:42.773000','2025-11-19 00:00:00.000000','2025-11-24 00:00:00.000000','2025-11-10 00:00:00.000000',103033,104570),
(182,1053,60,9,76,'0',0,4,4,31,'2025-11-10 23:29:42.773000','2025-11-09 00:00:00.000000','2025-12-27 00:00:00.000000','2025-11-13 00:00:00.000000',65350,67106),
(183,1103,53,25,61,'0',0,5,5,33,'2025-11-10 23:29:42.773000','2025-12-25 00:00:00.000000','2025-11-15 00:00:00.000000',NULL,9203,9284),
(184,1062,38,39,14,'0',0,4,1,51,'2025-11-10 23:29:42.773000','2025-12-15 00:00:00.000000','2025-12-09 00:00:00.000000',NULL,20998,21600),
(185,1025,52,46,20,'0',1,4,2,19,'2025-11-10 23:29:42.773000','2025-11-29 00:00:00.000000','2025-11-28 00:00:00.000000','2025-12-13 00:00:00.000000',94402,96123),
(186,1159,17,67,68,'0',0,3,3,NULL,'2025-11-10 23:29:42.773000','2025-11-07 00:00:00.000000','2025-12-27 00:00:00.000000',NULL,13414,13648),
(187,1145,7,29,81,'0',0,5,4,NULL,'2025-11-10 23:29:42.773000','2025-11-14 00:00:00.000000','2025-10-18 00:00:00.000000',NULL,72267,72455),
(188,1155,39,14,97,'0',1,5,5,39,'2025-11-10 23:29:42.773000','2025-12-08 00:00:00.000000','2025-10-16 00:00:00.000000',NULL,20788,20960),
(189,1034,49,15,83,'0',0,3,1,47,'2025-11-10 23:29:42.773000','2025-12-08 00:00:00.000000','2025-12-18 00:00:00.000000',NULL,15222,15791),
(190,1037,5,72,44,'R',0,4,2,49,'2025-11-10 23:29:42.773000','2025-11-05 00:00:00.000000','2025-12-18 00:00:00.000000',NULL,76099,77941),
(191,1147,58,10,56,'0',0,1,3,34,'2025-11-10 23:29:42.773000','2025-11-29 00:00:00.000000','2025-12-11 00:00:00.000000',NULL,22846,23183),
(192,1073,4,59,62,'R',0,2,4,6,'2025-11-10 23:29:42.773000','2025-11-24 00:00:00.000000','2025-11-05 00:00:00.000000','2025-11-25 00:00:00.000000',105798,107789),
(193,1178,24,69,8,'0',0,3,5,28,'2025-11-10 23:29:42.773000','2025-10-29 00:00:00.000000','2025-11-17 00:00:00.000000',NULL,74043,75365),
(194,1060,25,56,23,'0',1,3,1,NULL,'2025-11-10 23:29:42.773000','2025-10-21 00:00:00.000000','2025-11-03 00:00:00.000000',NULL,109468,110303),
(195,1127,21,78,22,'R',0,4,2,18,'2025-11-10 23:29:42.773000','2025-10-21 00:00:00.000000','2025-11-01 00:00:00.000000','2025-12-16 00:00:00.000000',100704,101016),
(196,1175,27,60,94,'0',0,2,3,29,'2025-11-10 23:29:42.773000','2025-10-18 00:00:00.000000','2025-12-05 00:00:00.000000',NULL,103841,105188),
(197,1093,30,18,12,'C',0,1,4,25,'2025-11-10 23:29:42.773000','2025-11-17 00:00:00.000000','2025-11-06 00:00:00.000000',NULL,2012,2869),
(198,1113,57,74,42,'0',0,1,5,46,'2025-11-10 23:29:42.773000','2025-12-18 00:00:00.000000','2025-11-16 00:00:00.000000',NULL,79269,81214),
(199,1049,10,7,36,'0',0,2,1,NULL,'2025-11-10 23:29:42.773000','2025-12-22 00:00:00.000000','2025-10-21 00:00:00.000000','2025-11-18 00:00:00.000000',80678,82391),
(200,1052,6,62,28,'0',0,1,2,NULL,'2025-11-10 23:29:42.773000','2025-10-30 00:00:00.000000','2025-12-01 00:00:00.000000',NULL,84014,85081),
(201,1092,59,55,89,'0',1,2,3,NULL,'2025-11-10 23:29:42.773000','2025-12-08 00:00:00.000000','2025-11-19 00:00:00.000000',NULL,74066,74568),
(202,1069,44,37,54,'C',1,3,4,35,'2025-11-10 23:29:42.773000','2025-10-28 00:00:00.000000','2025-12-07 00:00:00.000000',NULL,42026,41997),
(203,1162,23,22,1,'0',0,2,5,11,'2025-11-10 23:29:42.773000','2025-11-26 00:00:00.000000','2025-11-11 00:00:00.000000','2025-11-17 00:00:00.000000',51558,51807),
(204,1014,1,13,93,'0',0,5,1,NULL,'2025-11-10 23:29:42.773000','2025-11-08 00:00:00.000000','2025-12-18 00:00:00.000000',NULL,66980,68728),
(205,1181,42,30,49,'0',1,2,2,12,'2025-11-10 23:29:42.773000','2025-12-18 00:00:00.000000','2025-10-19 00:00:00.000000',NULL,68874,69230),
(206,1150,45,21,15,'0',0,3,3,13,'2025-11-10 23:29:42.773000','2025-12-04 00:00:00.000000','2025-12-31 00:00:00.000000',NULL,9632,10995),
(207,1156,46,43,16,'R',1,2,4,41,'2025-11-10 23:29:42.773000','2025-11-16 00:00:00.000000','2025-11-10 00:00:00.000000',NULL,26961,27220),
(208,1187,33,32,29,'0',0,3,5,26,'2025-11-10 23:29:42.773000','2025-12-06 00:00:00.000000','2025-11-02 00:00:00.000000',NULL,111506,111635),
(209,1171,26,17,47,'R',1,4,1,30,'2025-11-10 23:29:42.773000','2025-11-06 00:00:00.000000','2025-11-30 00:00:00.000000','2025-12-24 00:00:00.000000',52644,52727),
(210,1028,20,80,95,'0',0,5,2,42,'2025-11-10 23:29:42.773000','2025-11-15 00:00:00.000000','2025-11-26 00:00:00.000000',NULL,92985,94834),
(211,1110,55,45,30,'C',1,1,3,NULL,'2025-11-10 23:29:42.773000','2025-10-18 00:00:00.000000','2025-10-31 00:00:00.000000','2025-11-14 00:00:00.000000',99850,100884);
/*!40000 ALTER TABLE `rentals` ENABLE KEYS */;
UNLOCK TABLES;

--
-- Table structure for table `scheduleblocks`
--

DROP TABLE IF EXISTS `scheduleblocks`;
/*!40101 SET @saved_cs_client     = @@character_set_client */;
/*!40101 SET character_set_client = utf8mb4 */;
CREATE TABLE `scheduleblocks` (
  `BlockID` int NOT NULL,
  `VehicleID` int NOT NULL,
  `BlockStartDate` datetime(6) NOT NULL,
  `BlockEndDate` datetime(6) DEFAULT NULL,
  `BlockReason` varchar(250) NOT NULL,
  PRIMARY KEY (`BlockID`),
  KEY `ScheduleBlocks_VehicleID_Vehicles_VehicleID` (`VehicleID`),
  CONSTRAINT `ScheduleBlocks_VehicleID_Vehicles_VehicleID` FOREIGN KEY (`VehicleID`) REFERENCES `vehicles` (`VehicleID`)
) ENGINE=InnoDB DEFAULT CHARSET=utf8mb4 COLLATE=utf8mb4_0900_ai_ci;
/*!40101 SET character_set_client = @saved_cs_client */;

--
-- Dumping data for table `scheduleblocks`
--

LOCK TABLES `scheduleblocks` WRITE;
/*!40000 ALTER TABLE `scheduleblocks` DISABLE KEYS */;
INSERT INTO `scheduleblocks` VALUES
(2,1001,'2025-10-17 21:30:34.803000','2025-10-20 21:30:34.803000','Reserved'),
(3,1002,'2025-10-02 21:30:34.803000',NULL,'OutOfService'),
(4,1003,'2026-02-07 21:30:34.803000','2026-02-10 21:30:34.803000','Recall'),
(5,1004,'2025-10-25 21:30:34.803000',NULL,'Inspection'),
(6,1005,'2026-01-21 21:30:34.803000','2026-01-30 21:30:34.803000','Maintenance'),
(7,1006,'2025-11-07 21:30:34.803000',NULL,'Cleaning'),
(8,1007,'2025-12-09 21:30:34.803000','2025-12-10 21:30:34.803000','Reserved'),
(9,1008,'2025-11-23 21:30:34.803000','2025-11-29 21:30:34.803000','OutOfService'),
(10,1009,'2026-01-02 21:30:34.803000','2026-01-03 21:30:34.803000','Recall'),
(11,1010,'2025-11-24 21:30:34.803000','2025-11-27 21:30:34.803000','Inspection'),
(12,1011,'2025-10-05 21:30:34.803000',NULL,'Maintenance'),
(13,1012,'2025-10-29 21:30:34.803000','2025-11-07 21:30:34.803000','Cleaning'),
(14,1013,'2025-12-14 21:30:34.803000','2025-12-20 21:30:34.803000','Reserved'),
(15,1014,'2025-09-17 21:30:34.803000','2025-09-24 21:30:34.803000','OutOfService'),
(16,1015,'2025-11-26 21:30:34.803000',NULL,'Recall'),
(17,1016,'2026-01-09 21:30:34.803000',NULL,'Inspection'),
(18,1017,'2025-12-01 21:30:34.803000',NULL,'Maintenance'),
(19,1018,'2025-08-22 21:30:34.803000','2025-08-31 21:30:34.803000','Cleaning'),
(20,1019,'2025-10-23 21:30:34.803000',NULL,'Reserved');
/*!40000 ALTER TABLE `scheduleblocks` ENABLE KEYS */;
UNLOCK TABLES;

--
-- Table structure for table `users`
--

DROP TABLE IF EXISTS `users`;
/*!40101 SET @saved_cs_client     = @@character_set_client */;
/*!40101 SET character_set_client = utf8mb4 */;
CREATE TABLE `users` (
  `UserID` int NOT NULL,
  `Username` varchar(50) NOT NULL,
  `passwordhash` varchar(100) NOT NULL,
  `CreationDate` datetime(6) NOT NULL,
  `LastLoginDate` datetime(6) DEFAULT NULL,
  `LastModifiedDate` datetime(6) NOT NULL,
  PRIMARY KEY (`UserID`),
  CONSTRAINT `Users_UserID_Persons_PersonID` FOREIGN KEY (`UserID`) REFERENCES `persons` (`PersonID`)
) ENGINE=InnoDB DEFAULT CHARSET=utf8mb4 COLLATE=utf8mb4_0900_ai_ci;
/*!40101 SET character_set_client = @saved_cs_client */;

--
-- Dumping data for table `users`
--

LOCK TABLES `users` WRITE;
/*!40000 ALTER TABLE `users` DISABLE KEYS */;
INSERT INTO `users` VALUES
(6,'employee1','$2y$10$w88fOOVW4LOVpw5sKRkvJuxFfXfejuFHewyGYGijIp/IwCr8Sz7G6','2025-11-14 00:00:00.000000','2025-11-16 00:00:00.000000','2025-11-14 00:00:00.000000'),
(210,'adriver','password','2025-11-14 00:00:00.000000','2025-11-14 00:00:00.000000','2025-11-14 00:00:00.000000'),
(213,'joesmith1','$2y$10$ivbpHhkDy6Nw1YIZv/QFiOKVz3Aba8kXTQBsXGp5gdPTPtgIa81Oq','2025-11-14 00:00:00.000000','2025-11-16 00:00:00.000000','2025-11-14 00:00:00.000000'),
(220,'banderson','$2y$10$ivbpHhkDy6Nw1YIZv/QFiOKVz3Aba8kXTQBsXGp5gdPTPtgIa81Oq','2025-11-16 00:00:00.000000','2025-11-16 00:00:00.000000','2025-11-16 00:00:00.000000'),
(223,'bdonald','$2y$10$60T0yeRCiu1/hw0yhFmcOeEMe98AJ14m1hC208bkMXsKXfyUBdnvS','2025-11-16 00:00:00.000000','2025-11-16 00:00:00.000000','2025-11-16 00:00:00.000000');
/*!40000 ALTER TABLE `users` ENABLE KEYS */;
UNLOCK TABLES;

--
-- Table structure for table `vehicles`
--

DROP TABLE IF EXISTS `vehicles`;
/*!40101 SET @saved_cs_client     = @@character_set_client */;
/*!40101 SET character_set_client = utf8mb4 */;
CREATE TABLE `vehicles` (
  `VehicleID` int NOT NULL,
  `CurrentLocation` int NOT NULL,
  `Make` varchar(20) NOT NULL,
  `Model` varchar(30) NOT NULL,
  `Year` char(4) NOT NULL,
  `VIN` char(23) NOT NULL,
  `Color` varchar(20) NOT NULL,
  `VehicleType` int NOT NULL,
  `LicensePlate` varchar(10) NOT NULL,
  `FuelType` char(1) NOT NULL,
  `CurrentFuel` int NOT NULL,
  `Mileage` int NOT NULL,
  `MileageRate` decimal(5,2) DEFAULT NULL,
  `DailyRate` decimal(6,2) DEFAULT NULL,
  `BaseFee` decimal(7,2) DEFAULT NULL,
  `Status` char(1) NOT NULL DEFAULT '0',
  `ModifiedDate` datetime(6) NOT NULL,
  PRIMARY KEY (`VehicleID`),
  KEY `Vehicles_CurrentLocation_Locations_LocationID` (`CurrentLocation`),
  KEY `Vehicles_VehicleType_VehicleTypes_VehicleTypes` (`VehicleType`),
  CONSTRAINT `Vehicles_CurrentLocation_Locations_LocationID` FOREIGN KEY (`CurrentLocation`) REFERENCES `locations` (`LocationID`),
  CONSTRAINT `Vehicles_VehicleType_VehicleTypes_VehicleTypes` FOREIGN KEY (`VehicleType`) REFERENCES `vehicletypes` (`VehicleTypes`)
) ENGINE=InnoDB DEFAULT CHARSET=utf8mb4 COLLATE=utf8mb4_0900_ai_ci;
/*!40101 SET character_set_client = @saved_cs_client */;

--
-- Dumping data for table `vehicles`
--

LOCK TABLES `vehicles` WRITE;
/*!40000 ALTER TABLE `vehicles` DISABLE KEYS */;
INSERT INTO `vehicles` VALUES
(1001,3,'Toyota','Camry','2015','D472A9C6870F40BBA','White',1,'LP4812','G',21,13939,0.11,85.00,6.00,'0','2025-03-30 21:07:40.683000'),
(1002,5,'Honda','Civic','2016','9EC9CD579E1F42398','Black',2,'LP6244','D',33,62153,0.38,84.00,9.00,'1','2025-10-08 21:07:40.683000'),
(1003,3,'Ford','Escape','2017','FC9B1DFC456A4ABA8','Blue',3,'LP8572','E',33,16271,0.26,171.00,9.00,'R','2025-05-02 21:07:40.683000'),
(1004,2,'Chevrolet','Malibu','2018','05265752CFDD4A1CA','Gray',4,'LP0527','G',28,72743,0.37,65.00,34.00,'0','2025-05-30 21:07:40.683000'),
(1005,2,'Nissan','Altima','2019','EE1FBED295E44B52A','Silver',5,'LP2725','D',52,66742,0.08,124.00,22.00,'1','2025-03-24 21:07:40.683000'),
(1006,1,'Hyundai','Elantra','2020','79960DF4063D4D10A','Red',6,'LP4904','E',73,71923,0.27,134.00,21.00,'R','2025-04-28 21:07:40.683000'),
(1007,5,'Kia','Sorento','2021','62DB3FCA18724E72A','Bronze',1,'LP6070','G',5,36485,0.27,89.00,30.00,'0','2025-04-15 21:07:40.683000'),
(1008,2,'BMW','X3','2022','5EFBE5D02BCA44A99','Green',2,'LP7495','D',32,12390,0.03,160.00,18.00,'1','2025-09-11 21:07:40.683000'),
(1009,4,'Audi','A4','2023','27E08B2A3C6E4B2E8','White',3,'LP3252','E',50,88818,0.03,136.00,23.00,'R','2024-12-03 21:07:40.683000'),
(1010,3,'Tesla','Model 3','2015','B2316EA5C518410C9','Black',4,'LP5649','G',5,2135,0.18,79.00,8.00,'0','2025-01-30 21:07:40.683000'),
(1011,2,'Subaru','Outback','2016','F7AAC1B3BB854013A','Blue',5,'LP1147','D',74,80961,0.32,139.00,17.00,'1','2024-12-29 21:07:40.683000'),
(1012,4,'Volkswagen','Jetta','2017','92D576934C4443088','Gray',6,'LP3554','E',17,66386,0.07,133.00,13.00,'R','2024-11-26 21:07:40.683000'),
(1013,4,'Toyota','Camry','2018','10F727A76F3147E6A','Silver',1,'LP0538','G',82,99693,0.25,158.00,31.00,'0','2025-05-22 21:07:40.683000'),
(1014,5,'Honda','Civic','2019','4CB96E2710D54AFB8','Red',2,'LP8272','D',85,66948,0.34,46.00,17.00,'1','2025-05-25 21:07:40.683000'),
(1015,3,'Ford','Escape','2020','F06BAAE5EBE242739','Bronze',3,'LP5939','E',21,86267,0.27,41.00,33.00,'R','2025-06-22 21:07:40.683000'),
(1016,1,'Chevrolet','Malibu','2021','506D16975244411B8','Green',4,'LP5168','G',2,718,0.35,36.00,23.00,'0','2025-02-13 21:07:40.683000'),
(1017,2,'Nissan','Altima','2022','D70FD68EB2784717B','White',5,'LP5696','D',96,88698,0.37,76.00,20.00,'1','2025-10-15 21:07:40.683000'),
(1018,2,'Hyundai','Elantra','2023','D2D52BE3183C4F12A','Black',6,'LP8076','E',93,89750,0.16,131.00,25.00,'R','2025-01-31 21:07:40.683000'),
(1019,2,'Kia','Sorento','2015','3E10137D5481429A9','Blue',1,'LP2729','G',20,59163,0.21,137.00,27.00,'0','2024-12-06 21:07:40.683000'),
(1020,2,'BMW','X3','2016','EF41E50A4B6A4E8CA','Gray',2,'LP0202','D',55,73373,0.38,105.00,34.00,'1','2025-08-01 21:07:40.683000'),
(1021,1,'Audi','A4','2017','C564D1AD309B4AC4B','Silver',3,'LP6499','E',21,9833,0.30,73.00,19.00,'R','2025-08-03 21:07:40.683000'),
(1022,3,'Tesla','Model 3','2018','D171BB4683434473A','Red',4,'LP3025','G',43,509,0.31,153.00,21.00,'0','2025-01-12 21:07:40.683000'),
(1023,5,'Subaru','Outback','2019','9DB618A5B12F4F8DB','Bronze',5,'LP4677','D',83,24759,0.08,118.00,20.00,'1','2025-03-19 21:07:40.683000'),
(1024,4,'Volkswagen','Jetta','2020','84FCB057AB174BC0B','Green',6,'LP0397','E',20,48942,0.40,42.00,21.00,'R','2025-03-21 21:07:40.683000'),
(1025,4,'Toyota','Camry','2021','8A867F6532D84221B','White',1,'LP2858','G',27,94396,0.04,79.00,28.00,'0','2025-06-06 21:07:40.683000'),
(1026,2,'Honda','Civic','2022','BBC597D4A99A42BB9','Black',2,'LP1737','D',1,71780,0.07,135.00,34.00,'1','2025-07-05 21:07:40.683000'),
(1027,3,'Ford','Escape','2023','CEC048B299514B1DA','Blue',3,'LP5557','E',66,108864,0.18,124.00,5.00,'R','2025-07-05 21:07:40.683000'),
(1028,5,'Chevrolet','Malibu','2015','882D5FD89F754748B','Gray',4,'LP7174','G',0,92938,0.40,120.00,13.00,'0','2025-06-10 21:07:40.683000'),
(1029,1,'Nissan','Altima','2016','3D9AE586B1CE4E05A','Silver',5,'LP6673','D',49,54440,0.11,44.00,20.00,'1','2025-08-27 21:07:40.683000'),
(1030,1,'Hyundai','Elantra','2017','B9E7A1AEA4E845C1B','Red',6,'LP4592','E',93,57100,0.37,122.00,34.00,'R','2025-01-10 21:07:40.683000'),
(1031,1,'Kia','Sorento','2018','49D2A8873D2B45CCA','Bronze',1,'LP3319','G',97,32865,0.40,165.00,27.00,'0','2025-05-13 21:07:40.683000'),
(1032,4,'BMW','X3','2019','3C6FEF12D56A408E9','Green',2,'LP5624','D',79,62268,0.37,131.00,7.00,'1','2025-02-19 21:07:40.683000'),
(1033,4,'Audi','A4','2020','B9DE6FE2C35B40ED9','White',3,'LP5504','E',64,73497,0.02,80.00,35.00,'R','2025-08-04 21:07:40.683000'),
(1034,3,'Tesla','Model 3','2021','9FB673A1420942CF8','Black',4,'LP7996','G',62,15210,0.12,60.00,24.00,'0','2025-07-10 21:07:40.683000'),
(1035,1,'Subaru','Outback','2022','D00000CA0C254848B','Blue',5,'LP3545','D',94,46939,0.30,178.00,12.00,'1','2024-12-28 21:07:40.683000'),
(1036,2,'Volkswagen','Jetta','2023','521428D4A0B44BA39','Gray',6,'LP1333','E',3,74418,0.36,157.00,30.00,'R','2025-02-10 21:07:40.683000'),
(1037,4,'Toyota','Camry','2015','472C4BEED112442A9','Silver',1,'LP6579','G',22,76064,0.20,69.00,23.00,'0','2025-10-24 21:07:40.683000'),
(1038,5,'Honda','Civic','2016','092606088D114C438','Red',2,'LP9864','D',82,75737,0.30,159.00,13.00,'1','2025-10-15 21:07:40.683000'),
(1039,5,'Ford','Escape','2017','0C92612136604C38B','Bronze',3,'LP4556','E',87,823,0.40,167.00,18.00,'R','2025-06-05 21:07:40.683000'),
(1040,3,'Chevrolet','Malibu','2018','814D2A8C00904CB48','Green',4,'LP0507','G',4,15190,0.16,140.00,27.00,'0','2025-01-18 21:07:40.683000'),
(1041,2,'Nissan','Altima','2019','675491FFB7754BBD9','White',5,'LP0224','D',35,71605,0.06,134.00,14.00,'1','2025-10-06 21:07:40.683000'),
(1042,4,'Hyundai','Elantra','2020','522827A0F8744B889','Black',6,'LP1644','E',51,86797,0.23,171.00,12.00,'R','2025-05-03 21:07:40.683000'),
(1043,5,'Kia','Sorento','2021','26F97F87F6A543E88','Blue',1,'LP9868','G',11,92108,0.18,72.00,13.00,'0','2025-06-14 21:07:40.683000'),
(1044,1,'BMW','X3','2022','7B80939CC9854BC59','Gray',2,'LP7533','D',19,111766,0.07,136.00,34.00,'1','2025-07-28 21:07:40.683000'),
(1045,4,'Audi','A4','2023','2A2999691C5142978','Silver',3,'LP6624','E',81,80148,0.07,142.00,11.00,'R','2025-01-02 21:07:40.683000'),
(1046,1,'Tesla','Model 3','2015','9559C6B61A464AB1B','Red',4,'LP6277','G',44,93049,0.02,133.00,21.00,'0','2025-09-15 21:07:40.683000'),
(1047,2,'Subaru','Outback','2016','5B4E32152CA14DE5A','Bronze',5,'LP4344','D',35,106715,0.27,112.00,15.00,'1','2025-10-10 21:07:40.683000'),
(1048,2,'Volkswagen','Jetta','2017','E7730928DE4D4E5F8','Green',6,'LP8225','E',35,52833,0.03,176.00,19.00,'R','2024-11-18 21:07:40.683000'),
(1049,2,'Toyota','Camry','2018','EE98BCE98DC243CF8','White',1,'LP4659','G',79,80642,0.18,123.00,22.00,'0','2024-12-17 21:07:40.683000'),
(1050,3,'Honda','Civic','2019','A53BC599DE9D4C56B','Black',2,'LP5602','D',2,4296,0.06,164.00,29.00,'1','2025-01-08 21:07:40.683000'),
(1051,3,'Ford','Escape','2020','CD7CAEF804A24134B','Blue',3,'LP4710','E',22,29960,0.27,164.00,25.00,'R','2025-08-15 21:07:40.683000'),
(1052,1,'Chevrolet','Malibu','2021','5858B07E5A7D4B0A9','Gray',4,'LP6589','G',61,84014,0.34,72.00,31.00,'0','2025-09-11 21:07:40.683000'),
(1053,4,'Nissan','Altima','2022','D2CB6E30EA3347E0A','Silver',5,'LP9015','D',72,65318,0.31,33.00,34.00,'1','2025-08-09 21:07:40.683000'),
(1054,3,'Hyundai','Elantra','2023','13D5862C316B41209','Red',6,'LP7364','E',77,70551,0.25,171.00,20.00,'R','2025-06-09 21:07:40.683000'),
(1055,4,'Kia','Sorento','2015','2DCFD81F66A74BFA9','Bronze',1,'LP9106','G',95,114502,0.20,142.00,33.00,'0','2025-03-09 21:07:40.683000'),
(1056,5,'BMW','X3','2016','59C1B4EC894844FDB','Green',2,'LP1730','D',11,80821,0.36,112.00,27.00,'1','2025-08-30 21:07:40.683000'),
(1057,4,'Audi','A4','2017','73041CFA439B442AA','White',3,'LP0987','E',49,103010,0.24,55.00,9.00,'R','2025-09-28 21:07:40.683000'),
(1058,4,'Tesla','Model 3','2018','EF97F8A2D0084A2B8','Black',4,'LP8054','G',44,84940,0.31,174.00,22.00,'0','2025-01-24 21:07:40.683000'),
(1059,5,'Subaru','Outback','2019','240394B281A642F88','Blue',5,'LP8575','D',38,96622,0.33,97.00,9.00,'1','2025-04-30 21:07:40.683000'),
(1060,3,'Volkswagen','Jetta','2020','9D60B49433D54B499','Gray',6,'LP0354','E',20,109451,0.16,118.00,31.00,'R','2025-11-01 21:07:40.683000'),
(1061,2,'Toyota','Camry','2021','2CBD38067E424E14B','Silver',1,'LP6282','G',55,59170,0.15,37.00,19.00,'0','2025-07-25 21:07:40.683000'),
(1062,4,'Honda','Civic','2022','AC4E72F4C50049A1A','Red',2,'LP8504','D',32,20971,0.04,65.00,24.00,'1','2025-08-12 21:07:40.683000'),
(1063,5,'Ford','Escape','2023','DDF0221544564D919','Bronze',3,'LP3878','E',69,61655,0.37,138.00,35.00,'R','2025-10-28 21:07:40.683000'),
(1064,2,'Chevrolet','Malibu','2015','7637298457DA4FCA8','Green',4,'LP9072','G',91,18382,0.08,99.00,16.00,'0','2024-11-19 21:07:40.683000'),
(1065,3,'Nissan','Altima','2016','BDF19FB11CC94CE3A','White',5,'LP4761','D',73,103114,0.20,56.00,22.00,'1','2025-02-01 21:07:40.683000'),
(1066,1,'Hyundai','Elantra','2017','3396F6D04AF540E8A','Black',6,'LP6295','E',21,88391,0.18,38.00,26.00,'R','2025-08-20 21:07:40.683000'),
(1067,4,'Kia','Sorento','2018','0D3803F9DE9043DBB','Blue',1,'LP6070','G',87,86760,0.26,33.00,19.00,'0','2024-12-22 21:07:40.683000'),
(1068,2,'BMW','X3','2019','5811BDDF0C1A4B2BA','Gray',2,'LP9030','D',7,45861,0.04,80.00,18.00,'1','2025-07-29 21:07:40.683000'),
(1069,3,'Audi','A4','2020','4940A764CF8F44F2A','Silver',3,'LP0517','E',77,41984,0.40,52.00,16.00,'R','2024-11-29 21:07:40.683000'),
(1070,1,'Tesla','Model 3','2021','61E309D9FFC7473FB','Red',4,'LP2318','G',85,117707,0.17,159.00,8.00,'0','2025-01-20 21:07:40.683000'),
(1071,4,'Subaru','Outback','2022','FF2F4329C73140FBB','Bronze',5,'LP1723','D',55,73964,0.15,152.00,32.00,'1','2025-02-03 21:07:40.683000'),
(1072,4,'Volkswagen','Jetta','2023','5798FE58C9FC49389','Green',6,'LP9229','E',77,16124,0.37,57.00,10.00,'R','2025-07-27 21:07:40.683000'),
(1073,2,'Toyota','Camry','2015','949E63FCD06F4D91A','White',1,'LP2882','G',85,105782,0.17,154.00,27.00,'0','2025-09-29 21:07:40.683000'),
(1074,4,'Honda','Civic','2016','91885CE889B9467E9','Black',2,'LP0062','D',12,36659,0.33,96.00,6.00,'1','2025-04-02 21:07:40.683000'),
(1075,5,'Ford','Escape','2017','710A54164CD94E049','Blue',3,'LP0300','E',99,4771,0.00,85.00,9.00,'R','2025-03-17 21:07:40.683000'),
(1076,2,'Chevrolet','Malibu','2018','A9ECC621E0DB4FD39','Gray',4,'LP5167','G',54,27201,0.16,145.00,30.00,'0','2025-04-28 21:07:40.683000'),
(1077,2,'Nissan','Altima','2019','47587735645B4FCDA','Silver',5,'LP9323','D',26,81294,0.02,142.00,32.00,'1','2025-01-01 21:07:40.683000'),
(1078,2,'Hyundai','Elantra','2020','A0573A05471A4379A','Red',6,'LP8990','E',47,52602,0.28,117.00,5.00,'R','2024-12-27 21:07:40.683000'),
(1079,1,'Kia','Sorento','2021','5BD4C18675004826B','Bronze',1,'LP6153','G',60,96107,0.25,86.00,7.00,'0','2025-06-05 21:07:40.683000'),
(1080,3,'BMW','X3','2022','75F9AD39B9E149008','Green',2,'LP7494','D',93,57212,0.07,40.00,15.00,'1','2024-12-10 21:07:40.683000'),
(1081,2,'Audi','A4','2023','CA5F7D205A4E424D8','White',3,'LP3923','E',63,13825,0.11,153.00,28.00,'R','2025-08-12 21:07:40.683000'),
(1082,4,'Tesla','Model 3','2015','CFD696E74DDF48F2A','Black',4,'LP4295','G',79,18854,0.29,125.00,16.00,'0','2025-07-25 21:07:40.683000'),
(1083,4,'Subaru','Outback','2016','88ED4D2EC15A4AD1A','Blue',5,'LP7141','D',26,57652,0.15,99.00,22.00,'1','2025-07-02 21:07:40.683000'),
(1084,5,'Volkswagen','Jetta','2017','3EE83CB446004756B','Gray',6,'LP0517','E',59,23645,0.30,70.00,33.00,'R','2025-06-16 21:07:40.683000'),
(1085,5,'Toyota','Camry','2018','7E2E98ABD8C644428','Silver',1,'LP5269','G',5,112542,0.25,94.00,32.00,'0','2025-06-29 21:07:40.683000'),
(1086,2,'Honda','Civic','2019','1D362BF65D1A4319B','Red',2,'LP2871','D',12,76541,0.16,148.00,24.00,'1','2025-03-20 21:07:40.683000'),
(1087,3,'Ford','Escape','2020','F7C55DAFDFE142368','Bronze',3,'LP8644','E',82,46580,0.29,155.00,5.00,'R','2025-01-18 21:07:40.683000'),
(1088,1,'Chevrolet','Malibu','2021','E3FC92AEFD8149D2B','Green',4,'LP0490','G',56,116212,0.34,126.00,28.00,'0','2025-10-18 21:07:40.683000'),
(1089,5,'Nissan','Altima','2022','6C57605F9C984D06B','White',5,'LP3788','D',63,87714,0.35,98.00,27.00,'1','2025-03-18 21:07:40.683000'),
(1090,3,'Hyundai','Elantra','2023','5E2C171163C84A49B','Black',6,'LP6011','E',42,114314,0.30,101.00,32.00,'R','2025-11-05 21:07:40.683000'),
(1091,5,'Kia','Sorento','2015','CBFBE53B2ED641C48','Blue',1,'LP3268','G',33,92398,0.20,92.00,9.00,'0','2025-06-28 21:07:40.683000'),
(1092,2,'BMW','X3','2016','40E59F4B3313499CB','Gray',2,'LP9098','D',69,74046,0.09,131.00,16.00,'1','2025-09-21 21:07:40.683000'),
(1093,1,'Audi','A4','2017','60744EB4CB67474B8','Silver',3,'LP3071','E',40,1983,0.12,101.00,14.00,'R','2025-06-10 21:07:40.683000'),
(1094,3,'Tesla','Model 3','2018','0CEA30D6C18F43119','Red',4,'LP5021','G',51,16952,0.06,121.00,30.00,'0','2024-12-14 21:07:40.683000'),
(1095,1,'Subaru','Outback','2019','4BD31C2363D64677B','Bronze',5,'LP7020','D',76,77085,0.28,152.00,15.00,'1','2025-04-16 21:07:40.683000'),
(1096,3,'Volkswagen','Jetta','2020','AF2826D80307476DA','Green',6,'LP8133','E',32,40431,0.08,164.00,34.00,'R','2025-09-12 21:07:40.683000'),
(1097,3,'Toyota','Camry','2021','DAF33C93015A483AB','White',1,'LP5418','G',9,118324,0.07,43.00,20.00,'0','2025-06-13 21:07:40.683000'),
(1098,4,'Honda','Civic','2022','B2FB6F6238C44DCD9','Black',2,'LP9668','D',87,81470,0.04,140.00,5.00,'1','2025-06-09 21:07:40.683000'),
(1099,5,'Ford','Escape','2023','402EB9DAEC0C4A179','Blue',3,'LP9264','E',39,43912,0.10,86.00,8.00,'R','2024-11-15 21:07:40.683000'),
(1100,5,'Chevrolet','Malibu','2015','041852EBCC6A4D7A8','Gray',4,'LP1594','G',61,11627,0.09,166.00,14.00,'0','2025-08-02 21:07:40.683000'),
(1101,3,'Nissan','Altima','2016','86D7281DEC134FF7A','Silver',5,'LP1257','D',70,107145,0.28,69.00,5.00,'1','2025-11-05 21:07:40.683000'),
(1102,1,'Hyundai','Elantra','2017','EAA6B3F97380457F8','Red',6,'LP8465','E',67,9794,0.13,122.00,27.00,'R','2025-02-28 21:07:40.683000'),
(1103,5,'Kia','Sorento','2018','A89A131E67534D40B','Bronze',1,'LP2695','G',15,9157,0.37,61.00,9.00,'0','2025-02-17 21:07:40.683000'),
(1104,3,'BMW','X3','2019','2025FA94DBAB41408','Green',2,'LP4417','D',10,113140,0.18,175.00,9.00,'1','2025-11-08 21:07:40.683000'),
(1105,1,'Audi','A4','2020','6EC5943C62884CB09','White',3,'LP6896','E',36,45031,0.33,126.00,5.00,'R','2025-05-11 21:07:40.683000'),
(1106,4,'Tesla','Model 3','2021','0D65DFCAEF414F3AA','Black',4,'LP0213','G',11,79852,0.28,178.00,26.00,'0','2025-06-24 21:07:40.683000'),
(1107,5,'Subaru','Outback','2022','BEAA2CA52858465D8','Blue',5,'LP0216','D',16,47390,0.16,81.00,28.00,'1','2025-02-28 21:07:40.683000'),
(1108,2,'Volkswagen','Jetta','2023','3FAF23B8CC1E486DA','Gray',6,'LP7409','E',39,107093,0.23,91.00,25.00,'R','2024-12-06 21:07:40.683000'),
(1109,2,'Toyota','Camry','2015','5107FD700FE54B938','Silver',1,'LP5404','G',75,115438,0.33,109.00,24.00,'0','2025-05-02 21:07:40.683000'),
(1110,1,'Honda','Civic','2016','FBD7ED43D3644A839','Red',2,'LP0146','D',88,99836,0.16,67.00,23.00,'1','2025-07-11 21:07:40.683000'),
(1111,4,'Ford','Escape','2017','0B9B396A75B54A478','Bronze',3,'LP1990','E',79,60773,0.16,54.00,19.00,'R','2025-05-08 21:07:40.683000'),
(1112,3,'Chevrolet','Malibu','2018','1EAC57C9FE2D450F9','Green',4,'LP2261','G',31,96077,0.21,95.00,33.00,'0','2025-03-14 21:07:40.683000'),
(1113,1,'Nissan','Altima','2019','69871235CBCB45639','White',5,'LP8301','D',76,79236,0.28,130.00,18.00,'1','2024-12-31 21:07:40.683000'),
(1114,1,'Hyundai','Elantra','2020','DE601014389743A69','Black',6,'LP7979','E',48,35751,0.02,59.00,16.00,'R','2025-10-31 21:07:40.683000'),
(1115,5,'Kia','Sorento','2021','6CE0920A197144818','Blue',1,'LP2505','G',6,117291,0.06,124.00,30.00,'0','2024-12-11 21:07:40.683000'),
(1116,2,'BMW','X3','2022','6876307AF35F4C9F8','Gray',2,'LP6806','D',26,95383,0.30,75.00,17.00,'1','2024-12-15 21:07:40.683000'),
(1117,4,'Audi','A4','2023','45258C30B84545FFB','Silver',3,'LP2407','E',13,46720,0.26,60.00,35.00,'R','2025-05-27 21:07:40.683000'),
(1118,4,'Tesla','Model 3','2015','48F48DA4663545DB8','Red',4,'LP1039','G',59,89466,0.34,76.00,11.00,'0','2024-11-28 21:07:40.683000'),
(1119,4,'Subaru','Outback','2016','5DB3ABC82FC54B95A','Bronze',5,'LP1801','D',70,113403,0.31,85.00,29.00,'1','2025-01-09 21:07:40.687000'),
(1120,5,'Volkswagen','Jetta','2017','2810FC4899A749F28','Green',6,'LP9960','E',86,49151,0.39,141.00,11.00,'R','2025-07-18 21:07:40.687000'),
(1121,1,'Toyota','Camry','2018','54DC5D3F46EE4CBD8','White',1,'LP9164','G',75,45425,0.22,67.00,7.00,'0','2024-11-16 21:07:40.687000'),
(1122,2,'Honda','Civic','2019','36569D96178D45B29','Black',2,'LP4804','D',20,59334,0.20,52.00,22.00,'1','2025-07-09 21:07:40.687000'),
(1123,5,'Ford','Escape','2020','1933F0BC65C646809','Blue',3,'LP7582','E',1,33875,0.18,50.00,11.00,'R','2025-04-17 21:07:40.687000'),
(1124,2,'Chevrolet','Malibu','2021','5DE5264F24D94D20A','Gray',4,'LP2675','G',26,70202,0.40,82.00,30.00,'0','2025-08-20 21:07:40.687000'),
(1125,4,'Nissan','Altima','2022','FBBD652A254A46FA9','Silver',5,'LP5035','D',30,92504,0.00,174.00,19.00,'1','2024-11-25 21:07:40.687000'),
(1126,1,'Hyundai','Elantra','2023','AD6009D9C7D24D85B','Red',6,'LP1637','E',63,22951,0.04,78.00,22.00,'R','2025-04-17 21:07:40.687000'),
(1127,4,'Kia','Sorento','2015','56C8408283924D28B','Bronze',1,'LP9499','G',82,100692,0.30,82.00,5.00,'0','2025-07-09 21:07:40.687000'),
(1128,4,'BMW','X3','2016','0BB26225CB4F4C67A','Green',2,'LP4524','D',38,61605,0.20,65.00,19.00,'1','2025-10-19 21:07:40.687000'),
(1129,1,'Audi','A4','2017','D97B29D7F79941129','White',3,'LP0019','E',43,38817,0.04,96.00,10.00,'R','2025-07-31 21:07:40.687000'),
(1130,1,'Tesla','Model 3','2018','4C038AEFA7934DFAA','Black',4,'LP6049','G',96,67409,0.23,86.00,9.00,'0','2024-11-21 21:07:40.687000'),
(1131,2,'Subaru','Outback','2019','A9A5386BC32C4253A','Blue',5,'LP1031','D',46,102810,0.34,110.00,13.00,'1','2025-06-01 21:07:40.687000'),
(1132,5,'Volkswagen','Jetta','2020','0AFD13F9A4E448029','Gray',6,'LP5232','E',60,36524,0.03,174.00,10.00,'R','2025-06-02 21:07:40.687000'),
(1133,4,'Toyota','Camry','2021','D058BB20E0EB4588B','Silver',1,'LP7169','G',96,28346,0.38,177.00,17.00,'0','2025-08-30 21:07:40.687000'),
(1134,2,'Honda','Civic','2022','DB037F27322C400F9','Red',2,'LP7886','D',21,1007,0.38,85.00,9.00,'1','2025-03-06 21:07:40.687000'),
(1135,4,'Ford','Escape','2023','4E3221F7F55545DBB','Bronze',3,'LP7606','E',12,71214,0.30,89.00,35.00,'R','2025-01-18 21:07:40.687000'),
(1136,3,'Chevrolet','Malibu','2015','42F24E1949A04BA49','Green',4,'LP4714','G',100,92034,0.29,123.00,22.00,'0','2025-08-19 21:07:40.687000'),
(1137,3,'Nissan','Altima','2016','E2453D29A4BC4A0FA','White',5,'LP5351','D',88,41979,0.17,43.00,24.00,'1','2025-02-06 21:07:40.687000'),
(1138,5,'Hyundai','Elantra','2017','32320566ACE24C6F8','Black',6,'LP8339','E',87,62564,0.07,50.00,14.00,'R','2025-11-03 21:07:40.687000'),
(1139,4,'Kia','Sorento','2018','4AB7B7410F9049329','Blue',1,'LP1633','G',17,82038,0.40,101.00,34.00,'0','2025-07-10 21:07:40.687000'),
(1140,5,'BMW','X3','2019','DC5D1B49900B4C178','Gray',2,'LP4483','D',25,34556,0.29,118.00,9.00,'1','2024-11-20 21:07:40.687000'),
(1141,3,'Audi','A4','2020','FFFE436D285047CE8','Silver',3,'LP8709','E',4,30324,0.09,165.00,11.00,'R','2025-09-01 21:07:40.687000'),
(1142,2,'Tesla','Model 3','2021','B5242E855B484489B','Red',4,'LP4103','G',98,66731,0.34,168.00,21.00,'0','2025-02-09 21:07:40.687000'),
(1143,5,'Subaru','Outback','2022','D2E48324EDB6455C8','Bronze',5,'LP6921','D',69,40385,0.20,82.00,19.00,'1','2025-07-19 21:07:40.687000'),
(1144,5,'Volkswagen','Jetta','2023','84DDDCD644874CC29','Green',6,'LP9637','E',31,72765,0.34,72.00,32.00,'R','2025-01-04 21:07:40.687000'),
(1145,5,'Toyota','Camry','2015','15EE7E691B3445AAA','White',1,'LP2684','G',29,72217,0.20,113.00,5.00,'0','2025-02-25 21:07:40.687000'),
(1146,4,'Honda','Civic','2016','F4DEC0B475004B29B','Black',2,'LP6027','D',82,75996,0.03,112.00,8.00,'1','2025-07-22 21:07:40.687000'),
(1147,1,'Ford','Escape','2017','480807A4A20A42D59','Blue',3,'LP7809','E',45,22814,0.20,53.00,9.00,'R','2025-08-25 21:07:40.687000'),
(1148,2,'Chevrolet','Malibu','2018','2A76C30929A243189','Gray',4,'LP8241','G',18,3497,0.11,152.00,16.00,'0','2025-09-16 21:07:40.687000'),
(1149,3,'Nissan','Altima','2019','71EABEBCE5424F578','Silver',5,'LP5182','D',41,119784,0.12,147.00,8.00,'1','2024-11-30 21:07:40.687000'),
(1150,3,'Hyundai','Elantra','2020','F37A39D8E07E4124A','Red',6,'LP3890','E',30,9626,0.18,144.00,29.00,'R','2024-12-23 21:07:40.687000'),
(1151,3,'Kia','Sorento','2021','F61E477609A94FFFB','Bronze',1,'LP2316','G',58,82068,0.30,96.00,12.00,'0','2025-07-18 21:07:40.687000'),
(1152,2,'BMW','X3','2022','4EFC79618FA544E69','Green',2,'LP6343','D',19,54104,0.09,132.00,28.00,'1','2025-06-28 21:07:40.687000'),
(1153,2,'Audi','A4','2023','60D81C95263B4BF68','White',3,'LP9922','E',21,111478,0.37,60.00,32.00,'R','2025-07-11 21:07:40.687000'),
(1154,3,'Tesla','Model 3','2015','F41066DEAC0942B7B','Black',4,'LP1460','G',97,66401,0.14,31.00,18.00,'0','2025-10-09 21:07:40.687000'),
(1155,5,'Subaru','Outback','2016','4883395BC4124B3BA','Blue',5,'LP3744','D',92,20769,0.20,31.00,32.00,'1','2025-07-15 21:07:40.687000'),
(1156,2,'Volkswagen','Jetta','2017','FA1FB12411854D2FB','Gray',6,'LP7232','E',20,26918,0.06,160.00,12.00,'R','2025-07-23 21:07:40.687000'),
(1157,1,'Toyota','Camry','2018','D5C47F4706494602A','Silver',1,'LP2845','G',51,102362,0.33,142.00,28.00,'0','2025-05-18 21:07:40.687000'),
(1158,3,'Honda','Civic','2019','0E95B560ECFD41FEA','Red',2,'LP9899','D',19,42057,0.30,84.00,11.00,'1','2025-01-13 21:07:40.687000'),
(1159,3,'Ford','Escape','2020','67398640ADD646658','Bronze',3,'LP7177','E',28,13386,0.15,42.00,7.00,'R','2024-12-11 21:07:40.687000'),
(1160,5,'Chevrolet','Malibu','2021','7A93C9DBB4164A549','Green',4,'LP5758','G',84,86366,0.28,50.00,15.00,'0','2025-06-05 21:07:40.687000'),
(1161,5,'Nissan','Altima','2022','6DC853C2FE6C42FF9','White',5,'LP0986','D',27,87814,0.14,175.00,26.00,'1','2025-03-06 21:07:40.687000'),
(1162,2,'Hyundai','Elantra','2023','6FD5D1F3A71248D9B','Black',6,'LP1901','E',18,51520,0.18,144.00,32.00,'R','2025-07-21 21:07:40.687000'),
(1163,3,'Kia','Sorento','2015','86B6E0E9340A491F9','Blue',1,'LP4995','G',80,32017,0.14,126.00,26.00,'0','2025-01-20 21:07:40.687000'),
(1164,3,'BMW','X3','2016','BDD5D1E368F647848','Gray',2,'LP0288','D',56,100390,0.33,46.00,9.00,'1','2025-10-26 21:07:40.687000'),
(1165,4,'Audi','A4','2017','15B1A50C854842FDB','Silver',3,'LP9315','E',50,75200,0.08,146.00,23.00,'R','2025-10-19 21:07:40.687000'),
(1166,2,'Tesla','Model 3','2018','9C51260BD93F41549','Red',4,'LP1651','G',5,22991,0.18,36.00,18.00,'0','2025-01-15 21:07:40.687000'),
(1167,3,'Subaru','Outback','2019','4E473AD9872E453EB','Bronze',5,'LP1224','D',31,80753,0.04,122.00,27.00,'1','2025-04-23 21:07:40.687000'),
(1168,4,'Volkswagen','Jetta','2020','6508D011276A4B178','Green',6,'LP0375','E',76,39542,0.08,96.00,32.00,'R','2025-07-17 21:07:40.687000'),
(1169,4,'Toyota','Camry','2021','27ED4B2A44104C5BA','White',1,'LP9152','G',96,118236,0.04,75.00,12.00,'0','2025-05-07 21:07:40.687000'),
(1170,2,'Honda','Civic','2022','7071975E455448609','Black',2,'LP3393','D',9,21505,0.23,101.00,26.00,'1','2025-05-29 21:07:40.687000'),
(1171,4,'Ford','Escape','2023','A5844C8B42D244BA8','Blue',3,'LP1222','E',11,52614,0.15,172.00,21.00,'R','2025-08-12 21:07:40.687000'),
(1172,5,'Chevrolet','Malibu','2015','AAFEB497CD904B7E8','Gray',4,'LP7724','G',66,45362,0.06,137.00,29.00,'0','2025-05-13 21:07:40.687000'),
(1173,5,'Nissan','Altima','2016','EC56D693EC8D465FB','Silver',5,'LP5344','D',18,5331,0.38,152.00,16.00,'1','2025-04-02 21:07:40.687000'),
(1174,5,'Hyundai','Elantra','2017','F573D047C5164291B','Red',6,'LP0092','E',61,46107,0.05,177.00,31.00,'R','2025-05-02 21:07:40.687000'),
(1175,2,'Kia','Sorento','2018','F0A24C7DF27543359','Bronze',1,'LP4290','G',56,103791,0.12,131.00,9.00,'0','2025-02-03 21:07:40.687000'),
(1176,4,'BMW','X3','2019','8C3AE21545914D7CB','Green',2,'LP6784','D',75,49927,0.10,178.00,16.00,'1','2025-09-28 21:07:40.687000'),
(1177,2,'Audi','A4','2020','F22F84B5FFA643E4B','White',3,'LP3626','E',27,37674,0.23,138.00,18.00,'R','2025-08-05 21:07:40.687000'),
(1178,3,'Tesla','Model 3','2021','3759945933BF4C4E9','Black',4,'LP7336','G',78,74027,0.30,121.00,29.00,'0','2025-08-08 21:07:40.687000'),
(1179,4,'Subaru','Outback','2022','D223DAE7CA1F40889','Blue',5,'LP0594','D',78,19099,0.05,84.00,35.00,'1','2025-09-12 21:07:40.687000'),
(1180,3,'Volkswagen','Jetta','2023','38F0CA99B2BC4F959','Gray',6,'LP7553','E',81,43099,0.11,40.00,9.00,'R','2025-07-06 21:07:40.687000'),
(1181,2,'Toyota','Camry','2015','2D6F3FFCBE8E4A82B','Silver',1,'LP1189','G',82,68844,0.22,81.00,17.00,'0','2025-09-24 21:07:40.687000'),
(1182,4,'Honda','Civic','2016','9206EF0D18E542118','Red',2,'LP4923','D',24,40072,0.15,81.00,18.00,'1','2024-12-17 21:07:40.687000'),
(1183,4,'Ford','Escape','2017','69C1E208F0674EC69','Bronze',3,'LP6421','E',75,79773,0.37,98.00,26.00,'R','2025-01-30 21:07:40.687000'),
(1184,1,'Chevrolet','Malibu','2018','174500329CC841C4A','Green',4,'LP6415','G',79,23284,0.03,175.00,8.00,'0','2025-06-21 21:07:40.687000'),
(1185,4,'Nissan','Altima','2019','9B0829504CDD497AB','White',5,'LP2691','D',50,63563,0.32,177.00,24.00,'1','2025-05-07 21:07:40.687000'),
(1186,3,'Hyundai','Elantra','2020','D8B65AC90C6547F39','Black',6,'LP4026','E',61,20404,0.39,65.00,7.00,'R','2025-07-09 21:07:40.687000'),
(1187,3,'Kia','Sorento','2021','CDBF3DDDE6964FF58','Blue',1,'LP2815','G',67,111506,0.31,125.00,15.00,'0','2025-08-23 21:07:40.687000'),
(1188,5,'BMW','X3','2022','923A4C9A46E74FBBA','Gray',2,'LP6356','D',88,57241,0.10,160.00,32.00,'1','2024-12-23 21:07:40.687000'),
(1189,5,'Audi','A4','2023','B998F5DBA6C242A69','Silver',3,'LP6505','E',98,44909,0.40,36.00,24.00,'R','2025-02-21 21:07:40.687000'),
(1190,1,'Tesla','Model 3','2015','63C60B152E754B82A','Red',4,'LP4701','G',8,44598,0.17,140.00,19.00,'0','2025-05-13 21:07:40.687000'),
(1191,3,'Subaru','Outback','2016','9D9D2DA159BC4289A','Bronze',5,'LP7706','D',94,61247,0.25,88.00,7.00,'1','2025-07-11 21:07:40.687000'),
(1192,1,'Volkswagen','Jetta','2017','2748DB1CCA8040C0B','Green',6,'LP9398','E',32,90825,0.17,79.00,19.00,'R','2025-08-28 21:07:40.687000'),
(1193,1,'Toyota','Camry','2018','6EEBE2C7C77945D29','White',1,'LP4324','G',34,105785,0.28,176.00,23.00,'0','2025-03-20 21:07:40.687000'),
(1194,5,'Honda','Civic','2019','35B8A0A56D78400FB','Black',2,'LP8891','D',5,87505,0.16,36.00,33.00,'1','2025-09-12 21:07:40.687000'),
(1195,2,'Ford','Escape','2020','A7B1A5C6B52B48618','Blue',3,'LP5400','E',13,58222,0.26,82.00,29.00,'R','2025-06-03 21:07:40.687000'),
(1196,3,'Chevrolet','Malibu','2021','06952AC539724F9F8','Gray',4,'LP4521','G',22,93527,0.15,143.00,19.00,'0','2024-11-24 21:07:40.687000'),
(1197,2,'Nissan','Altima','2022','AAF9B52857FD446C9','Silver',5,'LP2468','D',32,13255,0.38,90.00,26.00,'1','2025-09-05 21:07:40.687000'),
(1198,1,'Hyundai','Elantra','2023','3BBDBB2C98D9428A8','Red',6,'LP1617','E',59,94319,0.35,171.00,19.00,'R','2025-05-09 21:07:40.687000'),
(1199,1,'Kia','Sorento','2015','48723A7FE4BE4A60B','Bronze',1,'LP9371','G',23,29503,0.20,50.00,16.00,'0','2025-02-20 21:07:40.687000'),
(1200,2,'BMW','X3','2016','021FCD41E3514F189','Green',2,'LP2273','D',38,87223,0.06,150.00,18.00,'1','2025-07-23 21:07:40.687000');
/*!40000 ALTER TABLE `vehicles` ENABLE KEYS */;
UNLOCK TABLES;

--
-- Table structure for table `vehicletypes`
--

DROP TABLE IF EXISTS `vehicletypes`;
/*!40101 SET @saved_cs_client     = @@character_set_client */;
/*!40101 SET character_set_client = utf8mb4 */;
CREATE TABLE `vehicletypes` (
  `VehicleTypes` int NOT NULL,
  `Type` varchar(100) NOT NULL,
  PRIMARY KEY (`VehicleTypes`)
) ENGINE=InnoDB DEFAULT CHARSET=utf8mb4 COLLATE=utf8mb4_0900_ai_ci;
/*!40101 SET character_set_client = @saved_cs_client */;

--
-- Dumping data for table `vehicletypes`
--

LOCK TABLES `vehicletypes` WRITE;
/*!40000 ALTER TABLE `vehicletypes` DISABLE KEYS */;
INSERT INTO `vehicletypes` VALUES
(1,'Sedan'),
(2,'SUV'),
(3,'Truck'),
(4,'Van'),
(5,'Coupe'),
(6,'Convertible'),
(7,'Hatchback'),
(8,'Wagon'),
(9,'Crossover'),
(10,'Minivan'),
(11,'van'),
(12,'Pickup');
/*!40000 ALTER TABLE `vehicletypes` ENABLE KEYS */;
UNLOCK TABLES;
/*!40103 SET TIME_ZONE=@OLD_TIME_ZONE */;

/*!40101 SET SQL_MODE=@OLD_SQL_MODE */;
/*!40014 SET FOREIGN_KEY_CHECKS=@OLD_FOREIGN_KEY_CHECKS */;
/*!40014 SET UNIQUE_CHECKS=@OLD_UNIQUE_CHECKS */;
/*!40101 SET CHARACTER_SET_CLIENT=@OLD_CHARACTER_SET_CLIENT */;
/*!40101 SET CHARACTER_SET_RESULTS=@OLD_CHARACTER_SET_RESULTS */;
/*!40101 SET COLLATION_CONNECTION=@OLD_COLLATION_CONNECTION */;
/*!40111 SET SQL_NOTES=@OLD_SQL_NOTES */;

-- Dump completed on 2025-11-16 20:03:33
